query_x	subject_x	identity	coverage	qlength	slength	alength	bitscore	E-value	query_y	subject_y
CJJ81176_RS00005	b3702	32.599	95.0	440.0	467.0	454.0	264.0	9.66e-85	b3702	CJJ81176_RS00005
CJJ81176_RS00010	b3701	19.074	100.0	355.0	366.0	367.0	103.0	5.53e-26	b3701	CJJ81176_RS00010
CJJ81176_RS00015	b3699	48.216	100.0	769.0	804.0	813.0	711.0	0.0	b3699	CJJ81176_RS00015
CJJ81176_RS00020	b1982	28.571	50.0	113.0	484.0	56.0	31.6	0.009	b1982	CJJ81176_RS00020
CJJ81176_RS00030	b3685	32.381	21.0	435.0	553.0	105.0	29.6	0.43	b3685	CJJ81176_RS00030
CJJ81176_RS00035	b3212	42.661	96.0	1495.0	1486.0	1458.0	1147.0	0.0	b3212	CJJ81176_RS00035
CJJ81176_RS00040	b2375	24.06	21.0	573.0	211.0	133.0	36.6	0.002	b2375	CJJ81176_RS00040
CJJ81176_RS00045	b3213	32.573	98.0	481.0	472.0	482.0	231.0	3.04e-71	b3213	CJJ81176_RS00045
CJJ81176_RS00050	b0183	38.068	88.0	191.0	198.0	176.0	98.6	5.61e-27	b0183	CJJ81176_RS00050
CJJ81176_RS00055	b0442	45.455	67.0	79.0	123.0	55.0	53.5	9.62e-12	b0442	CJJ81176_RS00055
CJJ81176_RS00060	b1559	26.804	40.0	215.0	250.0	97.0	29.3	0.18	b1559	CJJ81176_RS00060
CJJ81176_RS00065	b3771	46.382	99.0	558.0	616.0	608.0	521.0	0.0	b3771	CJJ81176_RS00065
CJJ81176_RS00070	b0287	38.824	52.0	132.0	204.0	85.0	50.1	3.04e-09	b0287	CJJ81176_RS00070
CJJ81176_RS00075	b2291	26.027	35.0	408.0	199.0	146.0	40.4	6.86e-05	b2291	CJJ81176_RS00075
CJJ81176_RS00080	b0444	33.488	94.0	224.0	231.0	215.0	119.0	4.03e-34	b0444	CJJ81176_RS00080
CJJ81176_RS00085	b1299	27.397	14.0	508.0	185.0	73.0	28.9	0.64	b1299	CJJ81176_RS00085
CJJ81176_RS00100	b3518	49.65	92.0	304.0	465.0	286.0	271.0	2.0099999999999998e-89	b3518	CJJ81176_RS00100
CJJ81176_RS00105	b1180	24.434	74.0	292.0	219.0	221.0	66.6	6.18e-14	b1180	CJJ81176_RS00105
CJJ81176_RS00115	b1131	30.961	58.0	442.0	456.0	281.0	99.0	2.4399999999999999e-23	b1131	CJJ81176_RS00115
CJJ81176_RS00120	b2234	28.36	99.0	789.0	761.0	811.0	316.0	2.2200000000000002e-97	b2234	CJJ81176_RS00120
CJJ81176_RS00125	b1729	31.613	96.0	461.0	463.0	465.0	198.0	3.0500000000000003e-59	b1729	CJJ81176_RS00125
CJJ81176_RS00135	b2780	52.778	99.0	543.0	545.0	540.0	569.0	0.0	b2780	CJJ81176_RS00135
CJJ81176_RS00140	b2892	29.658	93.0	523.0	577.0	526.0	247.0	4.83e-76	b2892	CJJ81176_RS00140
CJJ81176_RS00145	b2957	53.846	100.0	348.0	348.0	351.0	329.0	6.95e-113	b2957	CJJ81176_RS00145
CJJ81176_RS00180	b4071	25.658	20.0	689.0	188.0	152.0	40.8	0.000104	b4071	CJJ81176_RS00180
CJJ81176_RS00195	b3447	53.308	95.0	556.0	580.0	529.0	574.0	0.0	b3447	CJJ81176_RS00195
CJJ81176_RS00225	b2182	29.351	94.0	403.0	396.0	385.0	188.0	9.96e-57	b2182	CJJ81176_RS00225
CJJ81176_RS00240	b4088	43.333	14.0	215.0	311.0	30.0	32.0	0.026	b4088	CJJ81176_RS00240
CJJ81176_RS00245	b3871	53.974	99.0	602.0	607.0	604.0	668.0	0.0	b3871	CJJ81176_RS00245
CJJ81176_RS00260	b1075	25.269	61.0	294.0	231.0	186.0	55.8	4.44e-10	b1075	CJJ81176_RS00260
CJJ81176_RS00285	b0770	40.909	79.0	111.0	477.0	88.0	75.1	4.97e-18	b0770	CJJ81176_RS00285
CJJ81176_RS00305	b1133	31.956	99.0	338.0	368.0	363.0	194.0	4.0199999999999997e-60	b1133	CJJ81176_RS00305
CJJ81176_RS00310	b2795	26.506	76.0	201.0	454.0	166.0	48.9	6.33e-08	b2795	CJJ81176_RS00310
CJJ81176_RS00320	b4328	40.0	18.0	164.0	390.0	30.0	26.9	0.64	b4328	CJJ81176_RS00320
CJJ81176_RS00335	b1946	43.82	32.0	280.0	137.0	89.0	74.3	1.77e-17	b1946	CJJ81176_RS00335
CJJ81176_RS00340	b1945	26.994	89.0	359.0	334.0	326.0	120.0	2.4900000000000004e-32	b1945	CJJ81176_RS00340
CJJ81176_RS00345	b1922	32.258	90.0	230.0	239.0	217.0	119.0	6.4299999999999995e-34	b1922	CJJ81176_RS00345
CJJ81176_RS00350	b2793	25.806	53.0	118.0	181.0	62.0	30.0	0.028	b2793	CJJ81176_RS00350
CJJ81176_RS00355	b1175	35.057	56.0	288.0	270.0	174.0	86.7	7.240000000000001e-21	b1175	CJJ81176_RS00355
CJJ81176_RS00365	b0142	29.134	80.0	157.0	159.0	127.0	59.7	6.89e-13	b0142	CJJ81176_RS00365
CJJ81176_RS00370	b2536	28.378	47.0	159.0	379.0	74.0	26.6	0.84	b2536	CJJ81176_RS00370
CJJ81176_RS00375	b2883	23.762	92.0	409.0	439.0	404.0	76.6	4.03e-16	b2883	CJJ81176_RS00375
CJJ81176_RS00380	b1766	28.481	86.0	298.0	618.0	225.0	76.3	6.66e-07	b1766	CJJ81176_RS00380
CJJ81176_RS00405	b0308	36.792	47.0	218.0	231.0	106.0	67.4	1.12e-14	b0308	CJJ81176_RS00405
CJJ81176_RS00410	b0307	38.312	96.0	479.0	475.0	462.0	350.0	2.8700000000000002e-117	b0307	CJJ81176_RS00410
CJJ81176_RS00415	b0306	34.025	96.0	246.0	239.0	241.0	141.0	1.9999999999999998e-42	b0306	CJJ81176_RS00415
CJJ81176_RS00420	b3603	53.957	98.0	560.0	551.0	556.0	552.0	0.0	b3603	CJJ81176_RS00420
CJJ81176_RS00435	b2809	47.619	8.0	268.0	75.0	21.0	24.6	2.8	b2809	CJJ81176_RS00435
CJJ81176_RS00440	b3013	52.381	27.0	77.0	308.0	21.0	25.0	0.65	b3013	CJJ81176_RS00440
CJJ81176_RS00445	b0733	44.701	96.0	520.0	522.0	519.0	418.0	1.03e-142	b0733	CJJ81176_RS00445
CJJ81176_RS00450	b0734	27.806	99.0	374.0	379.0	392.0	120.0	1.37e-31	b0734	CJJ81176_RS00450
CJJ81176_RS00460	b2840	44.643	97.0	231.0	230.0	224.0	223.0	6.41e-75	b2840	CJJ81176_RS00460
CJJ81176_RS00465	b2580	47.465	93.0	231.0	229.0	217.0	221.0	5.199999999999999e-74	b2580	CJJ81176_RS00465
CJJ81176_RS00470	b4139	57.94	99.0	468.0	478.0	466.0	551.0	0.0	b4139	CJJ81176_RS00470
CJJ81176_RS00475	b4138	53.394	99.0	445.0	433.0	442.0	410.0	3.26e-142	b4138	CJJ81176_RS00475
CJJ81176_RS00480	b3233	38.235	8.0	453.0	132.0	34.0	28.5	0.47	b3233	CJJ81176_RS00480
CJJ81176_RS00490	b1677	40.0	16.0	207.0	78.0	35.0	28.9	0.055	b1677	CJJ81176_RS00490
CJJ81176_RS00495	b3509	27.907	19.0	445.0	108.0	86.0	32.0	0.023	b3509	CJJ81176_RS00495
CJJ81176_RS00505	b3186	40.777	100.0	102.0	103.0	103.0	79.7	7.96e-22	b3186	CJJ81176_RS00505
CJJ81176_RS00510	b3185	65.854	96.0	84.0	85.0	82.0	100.0	1.07e-30	b3185	CJJ81176_RS00510
CJJ81176_RS00515	b3183	44.083	94.0	356.0	390.0	338.0	232.0	3.5999999999999995e-74	b3183	CJJ81176_RS00515
CJJ81176_RS00520	b0242	33.071	98.0	251.0	367.0	254.0	117.0	6.2e-32	b0242	CJJ81176_RS00520
CJJ81176_RS00525	b3288	37.5	97.0	305.0	315.0	304.0	194.0	5.21e-61	b3288	CJJ81176_RS00525
CJJ81176_RS00530	b3973	31.852	59.0	217.0	321.0	135.0	58.2	4.21e-11	b3973	CJJ81176_RS00530
CJJ81176_RS00540	b1365	27.5	28.0	278.0	87.0	80.0	29.3	0.072	b1365	CJJ81176_RS00540
CJJ81176_RS00550	b3736	26.214	61.0	170.0	156.0	103.0	30.4	0.031	b3736	CJJ81176_RS00550
CJJ81176_RS00555	b3735	31.579	44.0	173.0	177.0	76.0	41.6	6.34e-06	b3735	CJJ81176_RS00555
CJJ81176_RS00560	b3734	56.36	99.0	501.0	513.0	511.0	594.0	0.0	b3734	CJJ81176_RS00560
CJJ81176_RS00565	b3733	31.757	99.0	294.0	287.0	296.0	163.0	8.710000000000001e-50	b3733	CJJ81176_RS00565
CJJ81176_RS00570	b3732	69.913	99.0	465.0	460.0	462.0	657.0	0.0	b3732	CJJ81176_RS00570
CJJ81176_RS00575	b3731	29.907	83.0	129.0	139.0	107.0	52.8	9.92e-11	b3731	CJJ81176_RS00575
CJJ81176_RS00580	b3006	37.037	58.0	184.0	244.0	108.0	66.6	1.3e-14	b3006	CJJ81176_RS00580
CJJ81176_RS00585	b3005	30.709	96.0	129.0	141.0	127.0	65.5	1.79e-15	b3005	CJJ81176_RS00585
CJJ81176_RS00595	b0740	19.651	56.0	402.0	430.0	229.0	50.4	1.01e-07	b0740	CJJ81176_RS00595
CJJ81176_RS00600	b0741	35.714	96.0	165.0	173.0	168.0	97.4	3.8800000000000006e-27	b0741	CJJ81176_RS00600
CJJ81176_RS00605	b0742	21.226	67.0	315.0	263.0	212.0	40.8	5.68e-05	b0742	CJJ81176_RS00605
CJJ81176_RS00610	b3349	33.557	77.0	191.0	196.0	149.0	81.3	2.16e-20	b3349	CJJ81176_RS00610
CJJ81176_RS00615	b1092	36.364	95.0	306.0	309.0	297.0	151.0	1.0800000000000001e-44	b1092	CJJ81176_RS00615
CJJ81176_RS00620	b0159	37.118	99.0	229.0	232.0	229.0	131.0	9.99e-39	b0159	CJJ81176_RS00620
CJJ81176_RS00625	b1344	32.5	95.0	251.0	311.0	240.0	138.0	1.91e-40	b1344	CJJ81176_RS00625
CJJ81176_RS00640	b0659	38.298	68.0	134.0	155.0	94.0	61.2	9.12e-14	b0659	CJJ81176_RS00640
CJJ81176_RS00650	b3260	38.71	97.0	305.0	321.0	310.0	194.0	2.52e-61	b3260	CJJ81176_RS00650
CJJ81176_RS00655	b1137	26.49	39.0	328.0	221.0	151.0	30.4	0.11	b1137	CJJ81176_RS00655
CJJ81176_RS00660	b0145	26.549	94.0	120.0	151.0	113.0	51.6	2.98e-10	b0145	CJJ81176_RS00660
CJJ81176_RS00665	b0636	34.0	64.0	149.0	155.0	100.0	67.4	6.71e-16	b0636	CJJ81176_RS00665
CJJ81176_RS00670	b2316	52.988	90.0	280.0	304.0	251.0	280.0	3.46e-95	b2316	CJJ81176_RS00670
CJJ81176_RS00680	b0177	23.892	99.0	739.0	810.0	812.0	216.0	5.2599999999999994e-61	b0177	CJJ81176_RS00680
CJJ81176_RS00685	b2600	21.154	74.0	275.0	373.0	208.0	44.7	3.02e-06	b2600	CJJ81176_RS00685
CJJ81176_RS00695	b0096	41.581	97.0	294.0	305.0	291.0	244.0	7.949999999999999e-81	b0096	CJJ81176_RS00695
CJJ81176_RS00700	b1807	28.125	45.0	133.0	231.0	64.0	35.4	0.000459	b1807	CJJ81176_RS00700
CJJ81176_RS00705	b0003	27.143	90.0	292.0	310.0	280.0	96.3	4.28e-24	b0003	CJJ81176_RS00705
CJJ81176_RS00715	b3168	48.5	69.0	871.0	890.0	600.0	546.0	0.0	b3168	CJJ81176_RS00715
CJJ81176_RS00725	b3170	40.909	76.0	140.0	150.0	110.0	84.7	9.43e-23	b3170	CJJ81176_RS00725
CJJ81176_RS00730	b4346	39.773	42.0	631.0	298.0	176.0	108.0	3.73e-08	b4346	CJJ81176_RS00730
CJJ81176_RS00735	b3925	25.373	22.0	292.0	336.0	67.0	28.9	0.35	b3925	CJJ81176_RS00735
CJJ81176_RS00740	b1859	24.498	93.0	267.0	261.0	249.0	87.8	1.54e-21	b1859	CJJ81176_RS00740
CJJ81176_RS00750	b1857	24.706	83.0	296.0	310.0	255.0	105.0	2.29e-27	b1857	CJJ81176_RS00750
CJJ81176_RS00755	b4355	28.881	34.0	659.0	551.0	277.0	101.0	1.9099999999999998e-23	b4355	CJJ81176_RS00755
CJJ81176_RS00765	b0888	40.439	98.0	312.0	321.0	319.0	209.0	8.21e-67	b0888	CJJ81176_RS00765
CJJ81176_RS00770	b3781	46.667	98.0	104.0	109.0	105.0	104.0	1.0400000000000001e-31	b3781	CJJ81176_RS00770
CJJ81176_RS00775	b3148	24.272	90.0	112.0	131.0	103.0	42.0	8.08e-07	b3148	CJJ81176_RS00775
CJJ81176_RS00785	b2379	53.03	99.0	400.0	412.0	396.0	452.0	1.96e-159	b2379	CJJ81176_RS00785
CJJ81176_RS00800	b4180	25.217	96.0	227.0	243.0	230.0	73.6	8.74e-17	b4180	CJJ81176_RS00800
CJJ81176_RS00805	b3146	35.125	99.0	274.0	286.0	279.0	142.0	8.309999999999999e-42	b3146	CJJ81176_RS00805
CJJ81176_RS00810	b3936	46.97	98.0	66.0	70.0	66.0	73.6	1.71e-20	b3936	CJJ81176_RS00810
CJJ81176_RS00815	b2946	25.676	92.0	218.0	243.0	222.0	52.4	2.68e-09	b2946	CJJ81176_RS00815
CJJ81176_RS00825	b4689	27.143	50.0	141.0	84.0	70.0	26.6	0.26	b4689	CJJ81176_RS00825
CJJ81176_RS00830	b2765	28.125	33.0	193.0	121.0	64.0	35.4	0.000615	b2765	CJJ81176_RS00830
CJJ81176_RS00835	b2777	29.921	50.0	247.0	223.0	127.0	57.0	1.05e-10	b2777	CJJ81176_RS00835
CJJ81176_RS00840	b0781	31.861	94.0	320.0	329.0	317.0	178.0	8.66e-55	b0781	CJJ81176_RS00840
CJJ81176_RS00845	b2340	29.545	26.0	171.0	161.0	44.0	24.6	3.0	b2340	CJJ81176_RS00845
CJJ81176_RS00855	b4040	22.124	77.0	294.0	290.0	226.0	58.2	1.12e-10	b4040	CJJ81176_RS00855
CJJ81176_RS00860	b4171	28.269	92.0	289.0	316.0	283.0	108.0	1.49e-28	b4171	CJJ81176_RS00860
CJJ81176_RS00865	b1821	38.378	98.0	187.0	188.0	185.0	130.0	2.19e-39	b1821	CJJ81176_RS00865
CJJ81176_RS00880	b1656	57.949	89.0	220.0	193.0	195.0	227.0	6.44e-77	b1656	CJJ81176_RS00880
CJJ81176_RS00910	b0068	24.08	82.0	334.0	327.0	299.0	42.4	2.58e-05	b0068	CJJ81176_RS00910
CJJ81176_RS00920	b0377	42.657	88.0	399.0	406.0	286.0	215.0	9.15e-05	b0377	CJJ81176_RS00920
CJJ81176_RS00925	b4218	23.185	94.0	452.0	447.0	427.0	153.0	1.51e-42	b4218	CJJ81176_RS00925
CJJ81176_RS00930	b1838	28.75	20.0	394.0	218.0	80.0	39.7	0.00013	b1838	CJJ81176_RS00930
CJJ81176_RS00935	b4108	54.412	99.0	69.0	111.0	68.0	75.9	8.170000000000001e-21	b4108	CJJ81176_RS00935
CJJ81176_RS00940	b2832	53.814	99.0	239.0	237.0	236.0	222.0	3.0899999999999998e-74	b2832	CJJ81176_RS00940
CJJ81176_RS00945	b2500	38.095	99.0	188.0	212.0	189.0	123.0	2.17e-36	b2500	CJJ81176_RS00945
CJJ81176_RS00950	b4167	30.679	83.0	456.0	515.0	427.0	134.0	2.9300000000000004e-35	b4167	CJJ81176_RS00950
CJJ81176_RS00955	b4196	26.271	42.0	232.0	216.0	118.0	31.6	0.035	b4196	CJJ81176_RS00955
CJJ81176_RS00960	b3765	33.4	97.0	501.0	506.0	497.0	278.0	8.23e-89	b3765	CJJ81176_RS00960
CJJ81176_RS00965	b3287	38.182	94.0	175.0	169.0	165.0	112.0	7.48e-33	b3287	CJJ81176_RS00965
CJJ81176_RS00970	b0437	68.085	97.0	194.0	207.0	188.0	281.0	1.23e-98	b0437	CJJ81176_RS00970
CJJ81176_RS00975	b0436	29.73	91.0	444.0	432.0	407.0	165.0	3.52e-47	b0436	CJJ81176_RS00975
CJJ81176_RS00980	b2153	44.099	83.0	190.0	222.0	161.0	116.0	1.68e-33	b2153	CJJ81176_RS00980
CJJ81176_RS00985	b1941	43.765	90.0	461.0	457.0	425.0	322.0	3.82e-107	b1941	CJJ81176_RS00985
CJJ81176_RS00990	b2312	37.58	100.0	445.0	505.0	471.0	304.0	1.79e-99	b2312	CJJ81176_RS00990
CJJ81176_RS00995	b0031	39.544	99.0	242.0	273.0	263.0	170.0	3.74e-53	b0031	CJJ81176_RS00995
CJJ81176_RS01000	b0892	32.454	89.0	393.0	447.0	379.0	194.0	1.36e-58	b0892	CJJ81176_RS01000
CJJ81176_RS01015	b0193	40.909	23.0	190.0	274.0	44.0	33.5	0.005	b0193	CJJ81176_RS01015
CJJ81176_RS01035	b3057	44.074	94.0	267.0	273.0	270.0	203.0	7.73e-66	b3057	CJJ81176_RS01035
CJJ81176_RS01040	b1719	42.786	99.0	602.0	642.0	603.0	501.0	2.9299999999999997e-172	b1719	CJJ81176_RS01040
CJJ81176_RS01045	b1718	43.293	95.0	172.0	180.0	164.0	114.0	1.01e-33	b1718	CJJ81176_RS01045
CJJ81176_RS01050	b1347	28.358	17.0	363.0	69.0	67.0	30.0	0.041	b1347	CJJ81176_RS01050
CJJ81176_RS01085	b3958	37.463	96.0	342.0	334.0	339.0	202.0	9.740000000000001e-64	b3958	CJJ81176_RS01085
CJJ81176_RS01090	b2434	28.346	84.0	148.0	141.0	127.0	63.2	2.15e-14	b2434	CJJ81176_RS01090
CJJ81176_RS01095	b2818	23.129	99.0	281.0	443.0	294.0	88.2	1.03e-20	b2818	CJJ81176_RS01095
CJJ81176_RS01100	b1748	36.34	97.0	395.0	406.0	388.0	281.0	9.87e-93	b1748	CJJ81176_RS01100
CJJ81176_RS01105	b2743	35.294	97.0	209.0	208.0	204.0	143.0	4.18e-44	b2743	CJJ81176_RS01105
CJJ81176_RS01110	b3279	41.011	98.0	182.0	184.0	178.0	159.0	4.72e-51	b3279	CJJ81176_RS01110
CJJ81176_RS01115	b3618	32.584	18.0	457.0	285.0	89.0	30.0	0.26	b3618	CJJ81176_RS01115
CJJ81176_RS01120	b2235	26.039	97.0	340.0	376.0	361.0	127.0	1.38e-34	b2235	CJJ81176_RS01120
CJJ81176_RS01135	b0172	40.217	98.0	187.0	185.0	184.0	160.0	1.53e-51	b0172	CJJ81176_RS01135
CJJ81176_RS01140	b3175	27.273	85.0	123.0	110.0	110.0	39.3	5.95e-06	b3175	CJJ81176_RS01140
CJJ81176_RS01145	b0970	35.065	98.0	231.0	219.0	231.0	87.0	6.4e-22	b0970	CJJ81176_RS01145
CJJ81176_RS01150	b0339	40.099	96.0	211.0	219.0	202.0	170.0	1.87e-54	b0339	CJJ81176_RS01150
CJJ81176_RS01155	b1330	33.203	41.0	627.0	343.0	256.0	134.0	1.93e-35	b1330	CJJ81176_RS01155
CJJ81176_RS01160	b2529	39.85	41.0	323.0	128.0	133.0	92.0	6.649999999999999e-24	b2529	CJJ81176_RS01160
CJJ81176_RS01165	b2530	38.76	97.0	393.0	404.0	387.0	257.0	2.41e-83	b2530	CJJ81176_RS01165
CJJ81176_RS01180	b1717	55.556	70.0	63.0	65.0	45.0	40.0	3.02e-07	b1717	CJJ81176_RS01180
CJJ81176_RS01185	b1716	58.974	100.0	117.0	118.0	117.0	116.0	7.83e-36	b1716	CJJ81176_RS01185
CJJ81176_RS01200	b2521	30.0	21.0	285.0	281.0	60.0	28.9	0.39	b2521	CJJ81176_RS01200
CJJ81176_RS01210	b4111	31.281	87.0	436.0	500.0	406.0	170.0	9.32e-49	b4111	CJJ81176_RS01210
CJJ81176_RS01220	b0783	43.791	97.0	157.0	161.0	153.0	125.0	3.15e-38	b0783	CJJ81176_RS01220
CJJ81176_RS01235	b1749	31.955	98.0	252.0	268.0	266.0	120.0	9.7e-34	b1749	CJJ81176_RS01235
CJJ81176_RS01240	b4114	40.08	92.0	512.0	547.0	499.0	352.0	1.21e-116	b4114	CJJ81176_RS01240
CJJ81176_RS01245	b4042	41.818	93.0	118.0	122.0	110.0	85.1	1.43e-23	b4042	CJJ81176_RS01245
CJJ81176_RS01250	b4498	27.273	81.0	81.0	257.0	66.0	26.9	0.14	b4498	CJJ81176_RS01250
CJJ81176_RS01255	b1062	39.067	99.0	335.0	348.0	343.0	224.0	6.06e-72	b1062	CJJ81176_RS01255
CJJ81176_RS01260	b0692	30.612	67.0	73.0	439.0	49.0	23.9	1.6	b0692	CJJ81176_RS01260
CJJ81176_RS01270	b1421	31.532	25.0	665.0	546.0	222.0	101.0	2.1499999999999997e-23	b1421	CJJ81176_RS01270
CJJ81176_RS01275	b3040	40.0	96.0	291.0	257.0	280.0	185.0	1.67e-58	b3040	CJJ81176_RS01275
CJJ81176_RS01280	b1872	49.641	99.0	838.0	809.0	836.0	807.0	0.0	b1872	CJJ81176_RS01280
CJJ81176_RS01285	b0996	25.714	89.0	191.0	390.0	175.0	72.4	3.68e-16	b0996	CJJ81176_RS01285
CJJ81176_RS01295	b3050	25.806	51.0	176.0	209.0	93.0	29.3	0.096	b3050	CJJ81176_RS01295
CJJ81176_RS01300	b4175	24.825	64.0	362.0	334.0	286.0	53.9	5.44e-09	b4175	CJJ81176_RS01300
CJJ81176_RS01305	b3770	45.455	96.0	304.0	309.0	297.0	254.0	6.590000000000001e-85	b3770	CJJ81176_RS01305
CJJ81176_RS01310	b1461	31.25	71.0	68.0	77.0	48.0	33.1	0.000193	b1461	CJJ81176_RS01310
CJJ81176_RS01315	b2480	40.268	99.0	151.0	156.0	149.0	120.0	1.05e-36	b2480	CJJ81176_RS01315
CJJ81176_RS01325	b0180	47.101	95.0	146.0	151.0	138.0	136.0	7.58e-43	b0180	CJJ81176_RS01325
CJJ81176_RS01330	b0181	37.795	95.0	263.0	262.0	254.0	186.0	1.77e-59	b0181	CJJ81176_RS01330
CJJ81176_RS01335	b0438	55.147	99.0	407.0	424.0	408.0	436.0	4.0399999999999997e-153	b0438	CJJ81176_RS01335
CJJ81176_RS01340	b3251	55.752	97.0	346.0	347.0	339.0	369.0	7.470000000000001e-129	b3251	CJJ81176_RS01340
CJJ81176_RS01345	b3250	28.846	20.0	249.0	367.0	52.0	29.3	0.25	b3250	CJJ81176_RS01345
CJJ81176_RS01350	b0033	55.282	99.0	1089.0	1073.0	1098.0	1215.0	0.0	b0033	CJJ81176_RS01350
CJJ81176_RS01355	b3638	26.316	41.0	140.0	222.0	57.0	26.2	0.78	b3638	CJJ81176_RS01355
CJJ81176_RS01360	b0008	32.414	41.0	325.0	317.0	145.0	57.8	2.02e-10	b0008	CJJ81176_RS01360
CJJ81176_RS01365	b4388	36.041	95.0	207.0	322.0	197.0	112.0	5.08e-31	b4388	CJJ81176_RS01365
CJJ81176_RS01370	b1887	32.374	80.0	173.0	167.0	139.0	68.2	8.4e-16	b1887	CJJ81176_RS01370
CJJ81176_RS01375	b1888	39.492	56.0	769.0	557.0	433.0	303.0	7.419999999999999e-95	b1888	CJJ81176_RS01375
CJJ81176_RS01385	b2752	32.258	30.0	205.0	302.0	62.0	29.6	0.12	b2752	CJJ81176_RS01385
CJJ81176_RS01390	b3181	44.586	97.0	161.0	158.0	157.0	138.0	1.7100000000000001e-43	b3181	CJJ81176_RS01390
CJJ81176_RS01395	b0182	26.727	87.0	364.0	382.0	333.0	114.0	1.1100000000000001e-29	b0182	CJJ81176_RS01395
CJJ81176_RS01405	b2240	43.137	90.0	364.0	452.0	280.0	155.0	2.74e-06	b2240	CJJ81176_RS01405
CJJ81176_RS01410	b2744	37.255	98.0	258.0	253.0	255.0	167.0	4.5899999999999994e-52	b2744	CJJ81176_RS01410
CJJ81176_RS01415	b2812	31.746	98.0	217.0	268.0	252.0	105.0	2.22e-28	b2812	CJJ81176_RS01415
CJJ81176_RS01420	b0131	46.789	86.0	126.0	126.0	109.0	105.0	1.84e-31	b0131	CJJ81176_RS01420
CJJ81176_RS01425	b0133	41.343	99.0	282.0	283.0	283.0	209.0	5.439999999999999e-68	b0133	CJJ81176_RS01425
CJJ81176_RS01430	b0134	43.019	96.0	274.0	264.0	265.0	232.0	4.92e-77	b0134	CJJ81176_RS01430
CJJ81176_RS01440	b2423	31.818	79.0	222.0	291.0	176.0	99.0	6.600000000000001e-26	b2423	CJJ81176_RS01440
CJJ81176_RS01450	b0763	26.829	90.0	249.0	257.0	246.0	60.1	9.66e-12	b0763	CJJ81176_RS01450
CJJ81176_RS01455	b0777	23.305	92.0	228.0	251.0	236.0	47.4	2.1e-07	b0777	CJJ81176_RS01455
CJJ81176_RS01465	b0776	28.412	93.0	380.0	384.0	359.0	158.0	1.2699999999999999e-45	b0776	CJJ81176_RS01465
CJJ81176_RS01470	b0774	34.752	98.0	427.0	429.0	423.0	249.0	2.49e-79	b0774	CJJ81176_RS01470
CJJ81176_RS01475	b0778	28.249	74.0	201.0	225.0	177.0	61.2	1.41e-12	b0778	CJJ81176_RS01475
CJJ81176_RS01495	b1204	34.737	99.0	181.0	194.0	190.0	87.4	7.72e-23	b1204	CJJ81176_RS01495
CJJ81176_RS01500	b4262	22.083	64.0	352.0	360.0	240.0	45.4	2.97e-06	b4262	CJJ81176_RS01500
CJJ81176_RS01505	b2838	31.387	96.0	402.0	420.0	411.0	189.0	7.24e-57	b2838	CJJ81176_RS01505
CJJ81176_RS01510	b0675	26.0	95.0	255.0	250.0	250.0	73.2	2.5e-16	b0675	CJJ81176_RS01510
CJJ81176_RS01515	b2599	32.44	97.0	357.0	386.0	373.0	165.0	1.3199999999999999e-48	b2599	CJJ81176_RS01515
CJJ81176_RS01520	b2021	26.316	86.0	364.0	356.0	323.0	108.0	1.1500000000000002e-27	b2021	CJJ81176_RS01520
CJJ81176_RS01525	b1938	30.714	95.0	560.0	552.0	560.0	219.0	3.59e-65	b1938	CJJ81176_RS01525
CJJ81176_RS01530	b1939	30.061	95.0	342.0	331.0	326.0	173.0	1.62e-52	b1939	CJJ81176_RS01530
CJJ81176_RS01540	b0420	40.954	98.0	615.0	620.0	608.0	452.0	3.04e-153	b0420	CJJ81176_RS01540
CJJ81176_RS01550	b1549	33.333	9.0	398.0	136.0	39.0	29.6	0.2	b1549	CJJ81176_RS01550
CJJ81176_RS01555	b3833	30.672	97.0	235.0	251.0	238.0	120.0	2.07e-34	b3833	CJJ81176_RS01555
CJJ81176_RS01560	b2509	42.553	73.0	387.0	456.0	282.0	249.0	1.4700000000000002e-79	b2509	CJJ81176_RS01560
CJJ81176_RS01565	b0907	41.226	99.0	358.0	362.0	359.0	262.0	1.95e-86	b0907	CJJ81176_RS01565
CJJ81176_RS01570	b1809	35.185	92.0	116.0	114.0	108.0	61.6	1.64e-14	b1809	CJJ81176_RS01570
CJJ81176_RS01575	b1091	48.22	95.0	324.0	317.0	309.0	311.0	1.42e-106	b1091	CJJ81176_RS01575
CJJ81176_RS01580	b1090	39.339	98.0	328.0	356.0	333.0	221.0	5.35e-71	b1090	CJJ81176_RS01580
CJJ81176_RS01595	b2518	58.394	100.0	137.0	143.0	137.0	170.0	1.3700000000000002e-56	b2518	CJJ81176_RS01595
CJJ81176_RS01605	b0605	34.437	75.0	198.0	187.0	151.0	108.0	1.0499999999999999e-30	b0605	CJJ81176_RS01605
CJJ81176_RS01610	b1880	37.845	97.0	368.0	382.0	362.0	244.0	4.35e-79	b1880	CJJ81176_RS01610
CJJ81176_RS01620	b1890	23.932	82.0	258.0	295.0	234.0	49.3	6.54e-08	b1890	CJJ81176_RS01620
CJJ81176_RS01625	b3863	35.87	99.0	879.0	928.0	920.0	522.0	6.58e-173	b3863	CJJ81176_RS01625
CJJ81176_RS01635	b0651	23.344	92.0	335.0	311.0	317.0	75.1	2.72e-16	b0651	CJJ81176_RS01635
CJJ81176_RS01640	b2689	29.927	93.0	147.0	142.0	137.0	65.1	3.44e-15	b2689	CJJ81176_RS01640
CJJ81176_RS01645	b4058	51.444	97.0	941.0	940.0	935.0	904.0	0.0	b4058	CJJ81176_RS01645
CJJ81176_RS01660	b1264	33.423	82.0	416.0	520.0	371.0	166.0	3.42e-47	b1264	CJJ81176_RS01660
CJJ81176_RS01665	b1263	34.156	90.0	533.0	531.0	486.0	234.0	1.8e-71	b1263	CJJ81176_RS01665
CJJ81176_RS01675	b1261	51.429	98.0	392.0	397.0	385.0	397.0	2.2499999999999997e-138	b1261	CJJ81176_RS01675
CJJ81176_RS01680	b1260	28.821	90.0	249.0	268.0	229.0	115.0	4.0900000000000005e-32	b1260	CJJ81176_RS01680
CJJ81176_RS01700	b3779	25.0	85.0	486.0	494.0	424.0	101.0	6.88e-24	b3779	CJJ81176_RS01700
CJJ81176_RS01705	b2562	44.706	98.0	81.0	86.0	85.0	67.0	1.95e-17	b2562	CJJ81176_RS01705
CJJ81176_RS01715	b2622	24.419	81.0	105.0	413.0	86.0	31.2	0.008	b2622	CJJ81176_RS01715
CJJ81176_RS01720	b3059	28.788	95.0	202.0	205.0	198.0	75.5	5.34e-18	b3059	CJJ81176_RS01720
CJJ81176_RS01730	b3176	42.191	95.0	445.0	445.0	429.0	320.0	8.66e-107	b3176	CJJ81176_RS01730
CJJ81176_RS01735	b0027	34.167	73.0	156.0	164.0	120.0	63.9	1.9e-14	b0027	CJJ81176_RS01735
CJJ81176_RS01740	b2965	27.027	44.0	150.0	711.0	74.0	28.5	0.17	b2965	CJJ81176_RS01740
CJJ81176_RS01755	b0572	26.974	92.0	492.0	457.0	456.0	172.0	4.37e-49	b0572	CJJ81176_RS01755
CJJ81176_RS01760	b2470	42.885	98.0	1040.0	1037.0	1033.0	860.0	0.0	b2470	CJJ81176_RS01760
CJJ81176_RS01765	b3265	31.638	94.0	367.0	385.0	354.0	164.0	6.839999999999999e-48	b3265	CJJ81176_RS01765
CJJ81176_RS01770	b1111	42.222	21.0	210.0	210.0	45.0	46.6	2.28e-07	b1111	CJJ81176_RS01770
CJJ81176_RS01780	b3065	48.333	86.0	70.0	71.0	60.0	51.2	1.77e-11	b3065	CJJ81176_RS01780
CJJ81176_RS01795	b3038	31.07	95.0	389.0	386.0	383.0	162.0	5.84e-47	b3038	CJJ81176_RS01795
CJJ81176_RS01805	b0426	40.625	97.0	163.0	163.0	160.0	110.0	2.16e-32	b0426	CJJ81176_RS01805
CJJ81176_RS01810	b3835	23.741	87.0	158.0	546.0	139.0	28.5	0.21	b3835	CJJ81176_RS01810
CJJ81176_RS01825	b1972	25.294	80.0	190.0	211.0	170.0	40.4	2.51e-05	b1972	CJJ81176_RS01825
CJJ81176_RS01830	b1971	57.471	85.0	297.0	334.0	261.0	317.0	6.0300000000000005e-109	b1971	CJJ81176_RS01830
CJJ81176_RS01835	b1281	34.685	97.0	226.0	245.0	222.0	127.0	6.34e-37	b1281	CJJ81176_RS01835
CJJ81176_RS01840	b0416	35.833	89.0	132.0	139.0	120.0	68.2	1.57e-16	b0416	CJJ81176_RS01840
CJJ81176_RS01845	b0415	50.968	100.0	154.0	156.0	155.0	157.0	5.32e-51	b0415	CJJ81176_RS01845
CJJ81176_RS01850	b1215	44.944	97.0	271.0	284.0	267.0	236.0	2.73e-78	b1215	CJJ81176_RS01850
CJJ81176_RS01860	b2511	32.594	97.0	460.0	490.0	451.0	235.0	5.0000000000000005e-73	b2511	CJJ81176_RS01860
CJJ81176_RS01865	b3390	33.125	92.0	165.0	173.0	160.0	93.6	1.51e-25	b3390	CJJ81176_RS01865
CJJ81176_RS01870	b3384	38.602	99.0	319.0	334.0	329.0	206.0	1.37e-65	b3384	CJJ81176_RS01870
CJJ81176_RS01875	b0893	47.307	100.0	411.0	430.0	427.0	378.0	4.69e-130	b0893	CJJ81176_RS01875
CJJ81176_RS01880	b3078	34.545	6.0	820.0	477.0	55.0	31.2	0.34	b3078	CJJ81176_RS01880
CJJ81176_RS01890	b1676	37.684	97.0	480.0	470.0	475.0	287.0	5.77e-93	b1676	CJJ81176_RS01890
CJJ81176_RS01895	b2210	24.481	99.0	448.0	548.0	482.0	82.0	1.41e-17	b2210	CJJ81176_RS01895
CJJ81176_RS01900	b3244	21.649	36.0	209.0	481.0	97.0	27.7	0.62	b3244	CJJ81176_RS01900
CJJ81176_RS01910	b0904	24.444	14.0	332.0	285.0	45.0	30.0	0.19	b0904	CJJ81176_RS01910
CJJ81176_RS01925	b2313	27.5	64.0	187.0	162.0	120.0	35.4	0.000835	b2313	CJJ81176_RS01925
CJJ81176_RS01930	b0683	42.105	83.0	157.0	148.0	133.0	103.0	9.989999999999999e-30	b0683	CJJ81176_RS01930
CJJ81176_RS01935	b2890	48.577	97.0	501.0	505.0	492.0	462.0	2.41e-160	b2890	CJJ81176_RS01935
CJJ81176_RS01940	b2551	55.718	99.0	414.0	417.0	411.0	468.0	1.3e-165	b2551	CJJ81176_RS01940
CJJ81176_RS01945	b3818	35.556	25.0	180.0	126.0	45.0	25.8	1.1	b3818	CJJ81176_RS01945
CJJ81176_RS01955	b2314	39.583	16.0	278.0	220.0	48.0	28.1	0.62	b2314	CJJ81176_RS01955
CJJ81176_RS01960	b3281	29.927	99.0	262.0	272.0	274.0	109.0	1.29e-29	b3281	CJJ81176_RS01960
CJJ81176_RS01965	b2778	34.043	16.0	299.0	290.0	47.0	26.2	2.7	b2778	CJJ81176_RS01965
CJJ81176_RS01970	b2828	31.915	94.0	271.0	291.0	282.0	126.0	1.37e-35	b2828	CJJ81176_RS01970
CJJ81176_RS01980	b0723	34.258	91.0	663.0	588.0	613.0	315.0	3.35e-100	b0723	CJJ81176_RS01980
CJJ81176_RS01985	b4153	30.455	91.0	241.0	244.0	220.0	118.0	1.52e-33	b4153	CJJ81176_RS01985
CJJ81176_RS01990	b4109	23.784	21.0	728.0	742.0	185.0	44.3	2.5e-05	b4109	CJJ81176_RS01990
CJJ81176_RS02000	b0644	25.248	85.0	234.0	325.0	202.0	47.8	1.79e-07	b0644	CJJ81176_RS02000
CJJ81176_RS02010	b1699	25.0	14.0	573.0	429.0	88.0	39.7	0.000475	b1699	CJJ81176_RS02010
CJJ81176_RS02035	b1056	35.751	100.0	190.0	191.0	193.0	102.0	1.82e-28	b1056	CJJ81176_RS02035
CJJ81176_RS02040	b1750	43.59	12.0	318.0	236.0	39.0	27.7	0.87	b1750	CJJ81176_RS02040
CJJ81176_RS02045	b0820	42.286	99.0	525.0	530.0	525.0	443.0	2.27e-152	b0820	CJJ81176_RS02045
CJJ81176_RS02060	b3848	38.596	56.0	194.0	204.0	114.0	55.8	9.09e-11	b3848	CJJ81176_RS02060
CJJ81176_RS02065	b2257	28.07	14.0	408.0	550.0	57.0	33.9	0.018	b2257	CJJ81176_RS02065
CJJ81176_RS02070	b0622	26.316	22.0	245.0	186.0	57.0	27.7	0.62	b0622	CJJ81176_RS02070
CJJ81176_RS02100	b0088	28.042	86.0	402.0	438.0	378.0	117.0	3.39e-30	b0088	CJJ81176_RS02100
CJJ81176_RS02105	b0087	42.241	98.0	353.0	360.0	348.0	285.0	3.7299999999999995e-95	b0087	CJJ81176_RS02105
CJJ81176_RS02110	b3612	40.755	99.0	492.0	514.0	503.0	378.0	1.68e-127	b3612	CJJ81176_RS02110
CJJ81176_RS02120	b1093	46.371	100.0	247.0	244.0	248.0	207.0	2.81e-68	b1093	CJJ81176_RS02120
CJJ81176_RS02130	b4154	36.447	87.0	611.0	602.0	546.0	335.0	3.89e-108	b4154	CJJ81176_RS02130
CJJ81176_RS02145	b2335	31.25	36.0	222.0	170.0	80.0	26.9	0.73	b2335	CJJ81176_RS02145
CJJ81176_RS02150	b1094	45.455	99.0	77.0	78.0	77.0	72.8	8.52e-20	b1094	CJJ81176_RS02150
CJJ81176_RS02155	b1095	52.195	99.0	404.0	413.0	410.0	390.0	2.89e-135	b1095	CJJ81176_RS02155
CJJ81176_RS02160	b0185	48.408	98.0	312.0	319.0	314.0	299.0	4.45e-102	b0185	CJJ81176_RS02160
CJJ81176_RS02165	b2155	29.326	94.0	684.0	663.0	682.0	223.0	1.3800000000000002e-64	b2155	CJJ81176_RS02165
CJJ81176_RS02170	b2467	29.752	61.0	198.0	191.0	121.0	66.6	9.09e-15	b2467	CJJ81176_RS02170
CJJ81176_RS02180	b1426	42.647	93.0	71.0	74.0	68.0	50.1	5.44e-11	b1426	CJJ81176_RS02180
CJJ81176_RS02185	b3637	50.0	95.0	64.0	78.0	62.0	62.4	4.96e-16	b3637	CJJ81176_RS02185
CJJ81176_RS02190	b3386	42.523	99.0	215.0	225.0	214.0	186.0	2.82e-60	b3386	CJJ81176_RS02190
CJJ81176_RS02195	b0215	25.824	66.0	253.0	243.0	182.0	42.4	1.03e-05	b0215	CJJ81176_RS02195
CJJ81176_RS02200	b3994	41.15	97.0	430.0	631.0	452.0	351.0	1.23e-116	b3994	CJJ81176_RS02200
CJJ81176_RS02225	b0661	36.961	99.0	433.0	474.0	441.0	295.0	1.46e-96	b0661	CJJ81176_RS02225
CJJ81176_RS02235	b3169	31.045	90.0	362.0	495.0	335.0	154.0	1.36e-43	b3169	CJJ81176_RS02235
CJJ81176_RS02240	b1423	37.5	10.0	395.0	447.0	40.0	28.9	0.61	b1423	CJJ81176_RS02240
CJJ81176_RS02255	b3652	34.499	66.0	607.0	693.0	429.0	186.0	7.919999999999999e-52	b3652	CJJ81176_RS02255
CJJ81176_RS02260	b4394	32.308	51.0	127.0	170.0	65.0	29.6	0.036	b4394	CJJ81176_RS02260
CJJ81176_RS02265	b3357	23.404	89.0	198.0	210.0	188.0	57.0	3.98e-11	b3357	CJJ81176_RS02265
CJJ81176_RS02305	b3980	73.116	99.0	399.0	394.0	398.0	592.0	0.0	b3980	CJJ81176_RS02305
CJJ81176_RS02310	b3636	48.571	67.0	52.0	55.0	35.0	38.5	5.95e-07	b3636	CJJ81176_RS02310
CJJ81176_RS02320	b3981	30.769	88.0	59.0	127.0	52.0	33.1	0.000258	b3981	CJJ81176_RS02320
CJJ81176_RS02325	b3982	41.04	97.0	177.0	181.0	173.0	155.0	1.49e-49	b3982	CJJ81176_RS02325
CJJ81176_RS02330	b3983	61.972	100.0	141.0	142.0	142.0	173.0	1.1e-57	b3983	CJJ81176_RS02330
CJJ81176_RS02335	b3984	50.218	98.0	233.0	234.0	229.0	223.0	1.66e-74	b3984	CJJ81176_RS02335
CJJ81176_RS02340	b3985	30.625	97.0	159.0	165.0	160.0	67.0	1.6e-15	b3985	CJJ81176_RS02340
CJJ81176_RS02345	b3986	56.0	100.0	125.0	121.0	125.0	106.0	7.31e-32	b3986	CJJ81176_RS02345
CJJ81176_RS02350	b3987	47.775	99.0	1378.0	1342.0	1371.0	1242.0	0.0	b3987	CJJ81176_RS02350
CJJ81176_RS02355	b3988	53.982	92.0	1517.0	1407.0	1017.0	1137.0	1.47e-76	b3988	CJJ81176_RS02355
CJJ81176_RS02360	b3342	75.806	97.0	128.0	124.0	124.0	198.0	4.249999999999999e-68	b3342	CJJ81176_RS02360
CJJ81176_RS02365	b3341	58.065	99.0	156.0	179.0	155.0	192.0	1.1e-64	b3341	CJJ81176_RS02365
CJJ81176_RS02370	b3340	65.1	99.0	691.0	704.0	702.0	931.0	0.0	b3340	CJJ81176_RS02370
CJJ81176_RS02385	b4371	30.952	36.0	233.0	343.0	84.0	58.9	3.38e-11	b4371	CJJ81176_RS02385
CJJ81176_RS02400	b1262	39.512	79.0	258.0	453.0	205.0	147.0	1.23e-42	b1262	CJJ81176_RS02400
CJJ81176_RS02405	b0902	27.273	44.0	161.0	246.0	77.0	29.6	0.068	b0902	CJJ81176_RS02405
CJJ81176_RS02410	b0503	31.381	69.0	334.0	364.0	239.0	103.0	7.29e-26	b0503	CJJ81176_RS02410
CJJ81176_RS02445	b0475	21.543	96.0	309.0	320.0	311.0	80.9	2.28e-18	b0475	CJJ81176_RS02445
CJJ81176_RS02450	b1068	26.897	49.0	288.0	307.0	145.0	59.7	3.49e-11	b1068	CJJ81176_RS02450
CJJ81176_RS02460	b2697	47.796	98.0	842.0	876.0	862.0	751.0	0.0	b2697	CJJ81176_RS02460
CJJ81176_RS02465	b3248	26.286	96.0	183.0	197.0	175.0	65.1	2.69e-14	b3248	CJJ81176_RS02465
CJJ81176_RS02470	b0149	32.767	89.0	643.0	799.0	589.0	266.0	5.01e-80	b0149	CJJ81176_RS02470
CJJ81176_RS02475	b2592	47.902	99.0	857.0	857.0	858.0	807.0	0.0	b2592	CJJ81176_RS02475
CJJ81176_RS02480	b2105	32.979	95.0	96.0	90.0	94.0	44.7	1.86e-08	b2105	CJJ81176_RS02480
CJJ81176_RS02485	b1830	30.499	70.0	444.0	682.0	341.0	132.0	3.14e-34	b1830	CJJ81176_RS02485
CJJ81176_RS02490	b2476	43.162	99.0	236.0	237.0	234.0	188.0	1.01e-60	b2476	CJJ81176_RS02490
CJJ81176_RS02510	b3018	25.217	50.0	230.0	245.0	115.0	47.4	2.07e-07	b3018	CJJ81176_RS02510
CJJ81176_RS02515	b0624	40.909	88.0	122.0	127.0	110.0	68.2	8.57e-17	b0624	CJJ81176_RS02515
CJJ81176_RS02520	b0473	43.639	99.0	608.0	624.0	621.0	504.0	1.34e-173	b0473	CJJ81176_RS02520
CJJ81176_RS02535	b4020	25.434	58.0	589.0	543.0	346.0	71.6	4.56e-14	b4020	CJJ81176_RS02535
CJJ81176_RS02540	b0084	25.814	71.0	602.0	588.0	430.0	138.0	1.1500000000000001e-35	b0084	CJJ81176_RS02540
CJJ81176_RS02545	b1937	42.857	29.0	98.0	104.0	28.0	31.2	0.004	b1937	CJJ81176_RS02545
CJJ81176_RS02550	b1074	32.919	98.0	164.0	134.0	161.0	88.2	5.26e-24	b1074	CJJ81176_RS02550
CJJ81176_RS02555	b1073	30.159	85.0	143.0	138.0	126.0	55.1	2e-11	b1073	CJJ81176_RS02555
CJJ81176_RS02560	b1097	37.714	51.0	333.0	340.0	175.0	97.1	8.19e-24	b1097	CJJ81176_RS02560
CJJ81176_RS02565	b3578	30.769	5.0	856.0	425.0	52.0	29.3	1.2	b3578	CJJ81176_RS02565
CJJ81176_RS02570	b3713	29.114	11.0	734.0	188.0	79.0	33.5	0.024	b3713	CJJ81176_RS02570
CJJ81176_RS02575	b3236	25.312	95.0	300.0	312.0	320.0	62.4	4.12e-12	b3236	CJJ81176_RS02575
CJJ81176_RS02580	b0728	45.596	99.0	387.0	388.0	386.0	338.0	2.43e-115	b0728	CJJ81176_RS02580
CJJ81176_RS02585	b0729	59.028	99.0	289.0	289.0	288.0	331.0	1.4999999999999999e-115	b0729	CJJ81176_RS02585
CJJ81176_RS02620	b3187	34.545	86.0	297.0	323.0	275.0	157.0	4.0200000000000003e-47	b3187	CJJ81176_RS02620
CJJ81176_RS02625	b1210	31.83	89.0	432.0	418.0	399.0	167.0	4.4199999999999996e-48	b1210	CJJ81176_RS02625
CJJ81176_RS02630	b0194	45.517	99.0	569.0	572.0	580.0	497.0	3.47e-172	b0194	CJJ81176_RS02630
CJJ81176_RS02640	b3805	48.675	98.0	307.0	313.0	302.0	275.0	9.95e-93	b3805	CJJ81176_RS02640
CJJ81176_RS02645	b3843	33.624	74.0	600.0	497.0	458.0	259.0	1.22e-80	b3843	CJJ81176_RS02645
CJJ81176_RS02655	b1924	25.952	63.0	642.0	468.0	420.0	84.7	3.25e-18	b1924	CJJ81176_RS02655
CJJ81176_RS02660	b1925	31.304	83.0	128.0	136.0	115.0	42.7	5.43e-07	b1925	CJJ81176_RS02660
CJJ81176_RS02670	b4147	45.699	98.0	189.0	188.0	186.0	178.0	2.53e-58	b4147	CJJ81176_RS02670
CJJ81176_RS02680	b3947	35.211	21.0	317.0	833.0	71.0	31.2	0.11	b3947	CJJ81176_RS02680
CJJ81176_RS02690	b1309	26.389	16.0	430.0	559.0	72.0	29.3	0.56	b1309	CJJ81176_RS02690
CJJ81176_RS02700	b3358	27.536	37.0	361.0	700.0	138.0	39.7	0.000245	b3358	CJJ81176_RS02700
CJJ81176_RS02705	b0243	38.329	98.0	410.0	417.0	407.0	301.0	6.99e-100	b0243	CJJ81176_RS02705
CJJ81176_RS02725	b4052	35.808	96.0	458.0	471.0	458.0	270.0	1.0700000000000001e-86	b4052	CJJ81176_RS02725
CJJ81176_RS02735	b0787	30.645	87.0	68.0	237.0	62.0	23.9	1.2	b0787	CJJ81176_RS02735
CJJ81176_RS02750	b4311	26.667	33.0	260.0	238.0	90.0	27.7	0.71	b4311	CJJ81176_RS02750
CJJ81176_RS02785	b3041	45.545	59.0	339.0	217.0	202.0	191.0	1.24e-60	b3041	CJJ81176_RS02785
CJJ81176_RS02795	b0077	46.678	99.0	566.0	574.0	572.0	546.0	0.0	b0077	CJJ81176_RS02795
CJJ81176_RS02800	b0078	40.645	97.0	154.0	163.0	155.0	107.0	4.3800000000000005e-31	b0078	CJJ81176_RS02800
CJJ81176_RS02805	b0179	34.132	99.0	321.0	341.0	334.0	180.0	2.33e-55	b0179	CJJ81176_RS02805
CJJ81176_RS02810	b0405	38.968	99.0	342.0	356.0	349.0	236.0	1.26e-76	b0405	CJJ81176_RS02810
CJJ81176_RS02815	b3839	34.553	99.0	245.0	258.0	246.0	145.0	1.65e-43	b3839	CJJ81176_RS02815
CJJ81176_RS02820	b3838	23.158	67.0	135.0	171.0	95.0	42.4	1.4e-06	b3838	CJJ81176_RS02820
CJJ81176_RS02825	b2955	34.948	77.0	355.0	378.0	289.0	152.0	5.6e-44	b2955	CJJ81176_RS02825
CJJ81176_RS02830	b2830	36.875	96.0	156.0	176.0	160.0	99.0	8.77e-28	b2830	CJJ81176_RS02830
CJJ81176_RS02835	b0002	30.736	98.0	400.0	820.0	462.0	174.0	9.18e-49	b0002	CJJ81176_RS02835
CJJ81176_RS02850	b3177	35.036	71.0	380.0	282.0	274.0	159.0	4.9e-47	b3177	CJJ81176_RS02850
CJJ81176_RS02855	b2411	39.692	96.0	647.0	671.0	650.0	419.0	2.72e-139	b2411	CJJ81176_RS02855
CJJ81176_RS02870	b0025	27.778	92.0	284.0	313.0	288.0	91.3	2.89e-22	b0025	CJJ81176_RS02870
CJJ81176_RS02875	b1870	35.983	99.0	236.0	247.0	239.0	148.0	5.3699999999999995e-45	b1870	CJJ81176_RS02875
CJJ81176_RS02885	b1944	33.333	25.0	146.0	154.0	36.0	32.7	0.004	b1944	CJJ81176_RS02885
CJJ81176_RS02890	b3646	58.794	95.0	210.0	205.0	199.0	221.0	1.0899999999999999e-74	b3646	CJJ81176_RS02890
CJJ81176_RS02895	b1278	26.415	25.0	216.0	254.0	53.0	28.1	0.41	b1278	CJJ81176_RS02895
CJJ81176_RS02900	b1633	39.706	98.0	208.0	211.0	204.0	150.0	9.82e-47	b1633	CJJ81176_RS02900
CJJ81176_RS02905	b0441	30.519	53.0	273.0	623.0	154.0	68.9	4.4e-14	b0441	CJJ81176_RS02905
CJJ81176_RS02910	b2925	64.789	99.0	354.0	359.0	355.0	479.0	6.32e-172	b2925	CJJ81176_RS02910
CJJ81176_RS02915	b0852	29.73	15.0	480.0	300.0	74.0	26.9	2.6	b0852	CJJ81176_RS02915
CJJ81176_RS02925	b1919	26.5	61.0	291.0	328.0	200.0	37.7	0.000585	b1919	CJJ81176_RS02925
CJJ81176_RS02930	b0080	18.182	24.0	447.0	334.0	121.0	28.5	1.1	b0080	CJJ81176_RS02930
CJJ81176_RS02935	b3910	29.469	91.0	222.0	224.0	207.0	90.1	4.14e-23	b3910	CJJ81176_RS02935
CJJ81176_RS02940	b4136	28.62	99.0	567.0	565.0	594.0	257.0	2.4300000000000002e-79	b4136	CJJ81176_RS02940
CJJ81176_RS02950	b1338	30.704	85.0	396.0	436.0	355.0	100.0	4.48e-24	b1338	CJJ81176_RS02950
CJJ81176_RS02955	b0878	31.347	98.0	390.0	371.0	386.0	196.0	2.64e-60	b0878	CJJ81176_RS02955
CJJ81176_RS02960	b0879	44.304	98.0	641.0	648.0	632.0	527.0	0.0	b0879	CJJ81176_RS02960
CJJ81176_RS02985	b1905	47.205	96.0	167.0	165.0	161.0	162.0	7.77e-53	b1905	CJJ81176_RS02985
CJJ81176_RS02995	b3727	28.71	96.0	304.0	319.0	310.0	103.0	1.9500000000000002e-26	b3727	CJJ81176_RS02995
CJJ81176_RS03000	b3726	30.093	60.0	362.0	296.0	216.0	93.2	1.57e-22	b3726	CJJ81176_RS03000
CJJ81176_RS03005	b3725	49.59	98.0	246.0	257.0	244.0	249.0	1.53e-84	b3725	CJJ81176_RS03005
CJJ81176_RS03015	b1985	22.551	97.0	438.0	547.0	439.0	89.0	7e-20	b1985	CJJ81176_RS03015
CJJ81176_RS03020	b3085	33.333	17.0	215.0	167.0	36.0	30.4	0.057	b3085	CJJ81176_RS03020
CJJ81176_RS03030	b2712	31.836	99.0	728.0	750.0	757.0	329.0	7.960000000000001e-103	b2712	CJJ81176_RS03030
CJJ81176_RS03035	b2727	46.552	93.0	247.0	290.0	232.0	218.0	1.35e-71	b2727	CJJ81176_RS03035
CJJ81176_RS03040	b2728	33.333	77.0	93.0	90.0	78.0	46.6	3.27e-09	b2728	CJJ81176_RS03040
CJJ81176_RS03045	b2729	41.304	99.0	363.0	373.0	368.0	337.0	1.44e-115	b2729	CJJ81176_RS03045
CJJ81176_RS03050	b2730	41.056	100.0	324.0	336.0	341.0	238.0	1.23e-77	b2730	CJJ81176_RS03050
CJJ81176_RS03055	b2726	28.571	97.0	114.0	116.0	112.0	57.0	9.37e-13	b2726	CJJ81176_RS03055
CJJ81176_RS03065	b3995	33.333	14.0	322.0	158.0	48.0	28.1	0.55	b3995	CJJ81176_RS03065
CJJ81176_RS03070	b4179	30.293	84.0	644.0	813.0	581.0	229.0	3.74e-66	b4179	CJJ81176_RS03070
CJJ81176_RS03075	b3774	35.54	91.0	340.0	491.0	287.0	157.0	8.6e-11	b3774	CJJ81176_RS03075
CJJ81176_RS03080	b3614	34.483	54.0	360.0	319.0	203.0	106.0	3.9600000000000006e-27	b3614	CJJ81176_RS03080
CJJ81176_RS03085	b4473	32.804	71.0	257.0	374.0	189.0	98.2	1.2099999999999999e-24	b4473	CJJ81176_RS03085
CJJ81176_RS03090	b2949	34.074	96.0	127.0	138.0	135.0	49.3	2.15e-09	b2949	CJJ81176_RS03090
CJJ81176_RS03095	b1835	35.766	93.0	279.0	479.0	274.0	123.0	3.86e-33	b1835	CJJ81176_RS03095
CJJ81176_RS03100	b4219	39.869	88.0	165.0	212.0	153.0	115.0	1.12e-33	b4219	CJJ81176_RS03100
CJJ81176_RS03105	b4226	54.938	93.0	172.0	176.0	162.0	174.0	2.55e-57	b4226	CJJ81176_RS03105
CJJ81176_RS03110	b0474	25.346	94.0	192.0	214.0	217.0	68.6	2.14e-15	b0474	CJJ81176_RS03110
CJJ81176_RS03115	b1866	51.107	99.0	583.0	590.0	587.0	595.0	0.0	b1866	CJJ81176_RS03115
CJJ81176_RS03120	b2615	34.335	79.0	286.0	292.0	233.0	134.0	1.5599999999999999e-38	b2615	CJJ81176_RS03120
CJJ81176_RS03125	b2616	22.822	96.0	507.0	553.0	574.0	101.0	8.46e-24	b2616	CJJ81176_RS03125
CJJ81176_RS03130	b1341	31.25	31.0	414.0	410.0	128.0	69.7	5.9e-14	b1341	CJJ81176_RS03130
CJJ81176_RS03135	b1100	35.0	94.0	271.0	265.0	260.0	163.0	2.45e-50	b1100	CJJ81176_RS03135
CJJ81176_RS03140	b0211	28.383	78.0	372.0	452.0	303.0	124.0	0.004	b0211	CJJ81176_RS03140
CJJ81176_RS03145	b0633	40.659	33.0	275.0	362.0	91.0	75.1	2.3e-16	b0633	CJJ81176_RS03145
CJJ81176_RS03150	b3198	39.865	90.0	162.0	188.0	148.0	95.5	3.56e-26	b3198	CJJ81176_RS03150
CJJ81176_RS03160	b3200	28.866	57.0	153.0	185.0	97.0	35.0	0.000799	b3200	CJJ81176_RS03160
CJJ81176_RS03165	b3865	37.209	82.0	198.0	210.0	172.0	116.0	1.67e-33	b3865	CJJ81176_RS03165
CJJ81176_RS03175	b0635	32.616	99.0	601.0	633.0	604.0	313.0	9.08e-100	b0635	CJJ81176_RS03175
CJJ81176_RS03180	b2385	29.07	42.0	596.0	361.0	258.0	80.1	4.93e-17	b2385	CJJ81176_RS03180
CJJ81176_RS03195	b4130	34.426	36.0	509.0	485.0	183.0	134.0	3.26e-35	b4130	CJJ81176_RS03195
CJJ81176_RS03200	b2451	30.159	33.0	182.0	467.0	63.0	27.3	0.65	b2451	CJJ81176_RS03200
CJJ81176_RS03210	b2566	33.564	98.0	291.0	301.0	289.0	150.0	1.88e-44	b2566	CJJ81176_RS03210
CJJ81176_RS03215	b3931	48.643	99.0	439.0	443.0	442.0	420.0	9.399999999999999e-146	b3931	CJJ81176_RS03215
CJJ81176_RS03220	b3932	53.049	91.0	180.0	176.0	164.0	180.0	1.72e-59	b3932	CJJ81176_RS03220
CJJ81176_RS03225	b4203	30.0	100.0	147.0	149.0	150.0	61.2	1.14e-13	b4203	CJJ81176_RS03225
CJJ81176_RS03230	b3172	28.261	96.0	406.0	447.0	414.0	124.0	2.58e-32	b3172	CJJ81176_RS03230
CJJ81176_RS03235	b3400	37.5	59.0	81.0	133.0	48.0	35.0	0.000132	b3400	CJJ81176_RS03235
CJJ81176_RS03240	b4168	33.75	59.0	135.0	153.0	80.0	53.5	9.03e-11	b4168	CJJ81176_RS03240
CJJ81176_RS03245	b3201	53.498	99.0	242.0	241.0	243.0	254.0	9.03e-87	b3201	CJJ81176_RS03245
CJJ81176_RS03250	b3202	28.87	99.0	416.0	477.0	478.0	166.0	1.66e-47	b3202	CJJ81176_RS03250
CJJ81176_RS03255	b4123	69.163	95.0	474.0	446.0	454.0	565.0	0.0	b4123	CJJ81176_RS03255
CJJ81176_RS03265	b0698	42.505	93.0	563.0	557.0	527.0	407.0	2.8e-137	b0698	CJJ81176_RS03265
CJJ81176_RS03270	b0697	57.29	98.0	681.0	682.0	679.0	738.0	0.0	b0697	CJJ81176_RS03270
CJJ81176_RS03275	b0696	32.143	97.0	202.0	190.0	196.0	111.0	9.110000000000001e-32	b0696	CJJ81176_RS03275
CJJ81176_RS03280	b0695	34.227	94.0	642.0	894.0	634.0	358.0	1.67e-113	b0695	CJJ81176_RS03280
CJJ81176_RS03285	b0779	50.977	99.0	657.0	673.0	665.0	661.0	0.0	b0779	CJJ81176_RS03285
CJJ81176_RS03295	b4045	34.615	33.0	80.0	69.0	26.0	24.6	0.41	b4045	CJJ81176_RS03295
CJJ81176_RS03305	b3935	32.717	81.0	617.0	732.0	541.0	278.0	3.0700000000000004e-85	b3935	CJJ81176_RS03305
CJJ81176_RS03315	b2515	41.739	96.0	357.0	372.0	345.0	273.0	2.56e-90	b2515	CJJ81176_RS03315
CJJ81176_RS03320	b1079	29.586	72.0	232.0	232.0	169.0	81.3	1.45e-19	b1079	CJJ81176_RS03320
CJJ81176_RS03325	b2297	46.24	67.0	501.0	714.0	359.0	319.0	4e-102	b2297	CJJ81176_RS03325
CJJ81176_RS03330	b2296	45.75	98.0	396.0	400.0	400.0	314.0	1.43e-105	b2296	CJJ81176_RS03330
CJJ81176_RS03350	b0082	32.686	95.0	312.0	313.0	309.0	146.0	1.2199999999999999e-42	b0082	CJJ81176_RS03350
CJJ81176_RS03360	b0094	27.749	80.0	462.0	420.0	382.0	177.0	1.25e-51	b0094	CJJ81176_RS03360
CJJ81176_RS03365	b0095	39.444	93.0	370.0	383.0	360.0	236.0	5.68e-76	b0095	CJJ81176_RS03365
CJJ81176_RS03375	b1078	46.36	99.0	263.0	260.0	261.0	244.0	2.62e-82	b1078	CJJ81176_RS03375
CJJ81176_RS03380	b3870	50.641	98.0	476.0	469.0	468.0	460.0	1.2400000000000001e-160	b3870	CJJ81176_RS03380
CJJ81176_RS03390	b2081	34.406	86.0	417.0	453.0	404.0	216.0	8.17e-67	b2081	CJJ81176_RS03390
CJJ81176_RS03395	b0523	54.545	87.0	164.0	169.0	143.0	119.0	1.4200000000000002e-35	b0523	CJJ81176_RS03395
CJJ81176_RS03405	b3560	66.071	97.0	287.0	303.0	280.0	377.0	1.87e-133	b3560	CJJ81176_RS03405
CJJ81176_RS03410	b0710	23.28	74.0	241.0	247.0	189.0	53.1	2.41e-09	b0710	CJJ81176_RS03410
CJJ81176_RS03420	b3633	28.693	83.0	385.0	425.0	352.0	134.0	1.56e-36	b3633	CJJ81176_RS03420
CJJ81176_RS03425	b2791	25.397	63.0	250.0	260.0	189.0	78.6	3.04e-18	b2791	CJJ81176_RS03425
CJJ81176_RS03430	b2610	42.381	93.0	445.0	453.0	420.0	322.0	2.07e-107	b2610	CJJ81176_RS03430
CJJ81176_RS03435	b2609	45.946	96.0	75.0	82.0	74.0	77.0	1.89e-21	b2609	CJJ81176_RS03435
CJJ81176_RS03445	b2608	23.077	91.0	179.0	182.0	169.0	55.8	4.21e-11	b2608	CJJ81176_RS03445
CJJ81176_RS03450	b2607	34.211	97.0	234.0	255.0	228.0	166.0	5.54e-52	b2607	CJJ81176_RS03450
CJJ81176_RS03455	b2606	50.909	93.0	118.0	115.0	110.0	109.0	2.21e-33	b2606	CJJ81176_RS03455
CJJ81176_RS03460	b1970	38.889	91.0	137.0	137.0	126.0	92.8	4.05e-26	b1970	CJJ81176_RS03460
CJJ81176_RS03470	b2471	31.959	85.0	109.0	118.0	97.0	53.1	3.23e-11	b2471	CJJ81176_RS03470
CJJ81176_RS03475	b0184	40.018	89.0	1200.0	1160.0	1087.0	783.0	0.0	b0184	CJJ81176_RS03475
CJJ81176_RS03480	b2951	33.816	94.0	210.0	234.0	207.0	95.5	3.59e-25	b2951	CJJ81176_RS03480
CJJ81176_RS03495	b1212	26.909	97.0	271.0	277.0	275.0	82.4	2.21e-19	b1212	CJJ81176_RS03495
CJJ81176_RS03500	b1829	26.291	49.0	395.0	293.0	213.0	58.9	1.16e-10	b1829	CJJ81176_RS03500
CJJ81176_RS03510	b0009	50.532	98.0	180.0	195.0	188.0	192.0	7.330000000000001e-64	b0009	CJJ81176_RS03510
CJJ81176_RS03515	b3816	31.457	92.0	327.0	316.0	302.0	167.0	1.65e-50	b3816	CJJ81176_RS03515
CJJ81176_RS03520	b3917	26.901	47.0	348.0	329.0	171.0	58.9	1.11e-10	b3917	CJJ81176_RS03520
CJJ81176_RS03540	b1124	25.234	81.0	259.0	264.0	214.0	57.0	1.59e-10	b1124	CJJ81176_RS03540
CJJ81176_RS03545	b1126	47.347	74.0	329.0	378.0	245.0	254.0	2.84e-83	b1126	CJJ81176_RS03545
CJJ81176_RS03550	b1088	26.829	19.0	212.0	173.0	41.0	29.3	0.12	b1088	CJJ81176_RS03550
CJJ81176_RS03555	b2310	32.103	99.0	251.0	260.0	271.0	112.0	4.320000000000001e-31	b2310	CJJ81176_RS03555
CJJ81176_RS03565	b0358	23.871	22.0	642.0	257.0	155.0	31.6	0.15	b0358	CJJ81176_RS03565
CJJ81176_RS03570	b3203	27.778	25.0	144.0	95.0	36.0	27.3	0.17	b3203	CJJ81176_RS03570
CJJ81176_RS03575	b0839	28.767	15.0	481.0	400.0	73.0	28.1	1.6	b0839	CJJ81176_RS03575
CJJ81176_RS03620	b3884	23.529	26.0	263.0	261.0	68.0	31.6	0.039	b3884	CJJ81176_RS03620
CJJ81176_RS03625	b2614	34.375	89.0	176.0	197.0	160.0	86.3	2.39e-22	b2614	CJJ81176_RS03625
CJJ81176_RS03630	b0014	56.94	100.0	623.0	638.0	634.0	699.0	0.0	b0014	CJJ81176_RS03630
CJJ81176_RS03640	b4348	23.558	65.0	422.0	464.0	286.0	44.3	0.000148	b4348	CJJ81176_RS03640
CJJ81176_RS03655	b4350	24.686	23.0	971.0	1170.0	239.0	38.9	0.002	b4350	CJJ81176_RS03655
CJJ81176_RS03660	b4192	23.81	50.0	343.0	354.0	189.0	36.2	0.002	b4192	CJJ81176_RS03660
CJJ81176_RS03665	b0679	32.203	49.0	113.0	648.0	59.0	25.0	1.4	b0679	CJJ81176_RS03665
CJJ81176_RS03670	b2290	26.893	95.0	389.0	405.0	383.0	140.0	7.83e-39	b2290	CJJ81176_RS03670
CJJ81176_RS03675	b3607	41.358	76.0	212.0	273.0	162.0	134.0	1.08e-39	b3607	CJJ81176_RS03675
CJJ81176_RS03680	b2938	35.285	96.0	611.0	658.0	615.0	351.0	9.81e-114	b2938	CJJ81176_RS03680
CJJ81176_RS03685	b2514	38.329	98.0	408.0	424.0	407.0	289.0	2.5e-95	b2514	CJJ81176_RS03685
CJJ81176_RS03690	b1098	28.23	91.0	192.0	213.0	209.0	77.0	1.41e-18	b1098	CJJ81176_RS03690
CJJ81176_RS03695	b3634	47.945	92.0	158.0	159.0	146.0	164.0	1.63e-53	b3634	CJJ81176_RS03695
CJJ81176_RS03700	b2311	34.921	99.0	187.0	189.0	189.0	119.0	3.86e-35	b2311	CJJ81176_RS03700
CJJ81176_RS03715	b3661	47.577	87.0	256.0	272.0	227.0	187.0	7.17e-60	b3661	CJJ81176_RS03715
CJJ81176_RS03720	b0197	45.175	87.0	257.0	271.0	228.0	200.0	1.25e-64	b0197	CJJ81176_RS03720
CJJ81176_RS03725	b0198	44.571	58.0	303.0	217.0	175.0	136.0	7.409999999999999e-40	b0198	CJJ81176_RS03725
CJJ81176_RS03730	b0199	38.068	99.0	336.0	343.0	352.0	232.0	3.4200000000000003e-75	b0199	CJJ81176_RS03730
CJJ81176_RS03735	b4258	38.019	98.0	870.0	951.0	939.0	640.0	0.0	b4258	CJJ81176_RS03735
CJJ81176_RS03755	b1324	44.231	88.0	175.0	168.0	156.0	126.0	3.29e-38	b1324	CJJ81176_RS03755
CJJ81176_RS03760	b2206	51.296	99.0	923.0	828.0	926.0	868.0	0.0	b2206	CJJ81176_RS03760
CJJ81176_RS03765	b2205	47.162	90.0	246.0	231.0	229.0	211.0	8.29e-70	b2205	CJJ81176_RS03765
CJJ81176_RS03770	b2204	34.921	95.0	260.0	287.0	252.0	160.0	6.39e-49	b2204	CJJ81176_RS03770
CJJ81176_RS03775	b2203	38.144	56.0	174.0	149.0	97.0	79.0	4.23e-20	b2203	CJJ81176_RS03775
CJJ81176_RS03780	b2976	29.213	28.0	304.0	723.0	89.0	28.1	0.85	b2976	CJJ81176_RS03780
CJJ81176_RS03785	b2207	22.667	65.0	112.0	87.0	75.0	36.6	3.93e-05	b2207	CJJ81176_RS03785
CJJ81176_RS03800	b1638	26.23	33.0	163.0	218.0	61.0	27.3	0.46	b1638	CJJ81176_RS03800
CJJ81176_RS03805	b3056	35.377	54.0	372.0	412.0	212.0	107.0	1.02e-26	b3056	CJJ81176_RS03805
CJJ81176_RS03810	b1232	52.381	99.0	274.0	280.0	273.0	301.0	5.3499999999999996e-104	b1232	CJJ81176_RS03810
CJJ81176_RS03825	b2219	33.937	63.0	339.0	608.0	221.0	105.0	5.28e-26	b2219	CJJ81176_RS03825
CJJ81176_RS03835	b0086	21.3	55.0	475.0	452.0	277.0	54.3	9.82e-09	b0086	CJJ81176_RS03835
CJJ81176_RS03840	b3412	31.707	34.0	239.0	256.0	82.0	38.9	0.000127	b3412	CJJ81176_RS03840
CJJ81176_RS03850	b0381	25.152	87.0	346.0	364.0	330.0	112.0	5.12e-29	b0381	CJJ81176_RS03850
CJJ81176_RS03855	b1861	29.703	98.0	183.0	203.0	202.0	101.0	4.94e-28	b1861	CJJ81176_RS03855
CJJ81176_RS03865	b1069	32.374	84.0	483.0	511.0	417.0	188.0	8.38e-55	b1069	CJJ81176_RS03865
CJJ81176_RS03870	b0526	35.745	99.0	462.0	461.0	470.0	297.0	3.04e-97	b0526	CJJ81176_RS03870
CJJ81176_RS03875	b0914	29.739	98.0	580.0	582.0	575.0	304.0	5.07e-97	b0914	CJJ81176_RS03875
CJJ81176_RS03880	b0945	38.643	93.0	352.0	336.0	339.0	226.0	1.64e-72	b0945	CJJ81176_RS03880
CJJ81176_RS03885	b1494	28.378	50.0	416.0	931.0	222.0	84.3	2.18e-18	b1494	CJJ81176_RS03885
CJJ81176_RS03890	b2478	38.144	96.0	298.0	292.0	291.0	211.0	3.1099999999999997e-68	b2478	CJJ81176_RS03890
CJJ81176_RS03905	b0927	30.303	92.0	198.0	215.0	198.0	86.7	4.1500000000000003e-22	b0927	CJJ81176_RS03905
CJJ81176_RS03910	b1740	28.837	79.0	246.0	275.0	215.0	79.7	1.39e-18	b1740	CJJ81176_RS03910
CJJ81176_RS03915	b0915	23.973	81.0	308.0	328.0	292.0	66.6	1.81e-13	b0915	CJJ81176_RS03915
CJJ81176_RS03920	b0004	29.858	87.0	470.0	428.0	422.0	152.0	3.4599999999999995e-42	b0004	CJJ81176_RS03920
CJJ81176_RS03925	b0918	39.669	97.0	239.0	248.0	242.0	172.0	1.59e-54	b0918	CJJ81176_RS03925
CJJ81176_RS03935	b1920	31.05	86.0	256.0	266.0	219.0	116.0	2.14e-32	b1920	CJJ81176_RS03935
CJJ81176_RS03940	b1948	50.0	93.0	244.0	245.0	228.0	226.0	1.02e-75	b1948	CJJ81176_RS03940
CJJ81176_RS03945	b3730	37.557	96.0	429.0	456.0	442.0	256.0	4.6899999999999996e-82	b3730	CJJ81176_RS03945
CJJ81176_RS03950	b3639	28.497	97.0	384.0	406.0	386.0	138.0	4.799999999999999e-38	b3639	CJJ81176_RS03950
CJJ81176_RS03960	b0174	37.168	98.0	222.0	253.0	226.0	177.0	1.35e-56	b0174	CJJ81176_RS03960
CJJ81176_RS03965	b2972	24.017	87.0	258.0	269.0	229.0	46.6	4.8e-07	b2972	CJJ81176_RS03965
CJJ81176_RS03970	b4261	22.705	55.0	341.0	366.0	207.0	45.1	4.16e-06	b4261	CJJ81176_RS03970
CJJ81176_RS03975	b2318	27.6	99.0	241.0	270.0	250.0	84.0	3.15e-20	b2318	CJJ81176_RS03975
CJJ81176_RS03980	b3117	43.322	76.0	403.0	329.0	307.0	229.0	2.7000000000000003e-73	b3117	CJJ81176_RS03980
CJJ81176_RS03985	b0965	31.538	93.0	137.0	137.0	130.0	83.6	1.46e-22	b0965	CJJ81176_RS03985
CJJ81176_RS03995	b3965	37.892	96.0	357.0	366.0	351.0	247.0	2.6e-80	b3965	CJJ81176_RS03995
CJJ81176_RS04005	b1539	50.204	98.0	249.0	248.0	245.0	259.0	1.64e-88	b1539	CJJ81176_RS04005
CJJ81176_RS04015	b0118	60.536	99.0	848.0	865.0	859.0	1020.0	0.0	b0118	CJJ81176_RS04015
CJJ81176_RS04020	b1335	35.22	92.0	150.0	171.0	159.0	87.8	1.2699999999999999e-23	b1335	CJJ81176_RS04020
CJJ81176_RS04025	b4314	36.957	13.0	313.0	182.0	46.0	27.7	0.7	b4314	CJJ81176_RS04025
CJJ81176_RS04030	b2114	27.086	99.0	628.0	677.0	683.0	227.0	1.71e-66	b2114	CJJ81176_RS04030
CJJ81176_RS04040	b4232	32.0	89.0	280.0	332.0	275.0	122.0	9.409999999999999e-34	b4232	CJJ81176_RS04040
CJJ81176_RS04045	b3856	25.0	96.0	163.0	175.0	168.0	48.5	1.34e-08	b3856	CJJ81176_RS04045
CJJ81176_RS04050	b3214	26.136	51.0	161.0	254.0	88.0	29.6	0.083	b3214	CJJ81176_RS04050
CJJ81176_RS04055	b4392	30.168	32.0	541.0	645.0	179.0	69.3	2.98e-13	b4392	CJJ81176_RS04055
CJJ81176_RS04060	b2952	30.882	85.0	93.0	188.0	69.0	41.2	4.67e-06	b2952	CJJ81176_RS04060
CJJ81176_RS04070	b0164	26.809	59.0	374.0	270.0	235.0	57.8	2.29e-10	b0164	CJJ81176_RS04070
CJJ81176_RS04075	b4160	32.353	97.0	266.0	322.0	272.0	119.0	5.6300000000000004e-33	b4160	CJJ81176_RS04075
CJJ81176_RS04085	b2176	48.78	5.0	749.0	518.0	41.0	30.8	0.37	b2176	CJJ81176_RS04085
CJJ81176_RS04090	b0898	26.741	89.0	395.0	382.0	359.0	95.5	1.17e-22	b0898	CJJ81176_RS04090
CJJ81176_RS04095	b2981	33.333	27.0	167.0	390.0	45.0	26.6	0.99	b2981	CJJ81176_RS04095
CJJ81176_RS04100	b2246	36.17	59.0	109.0	429.0	61.0	29.6	2.5	b2246	CJJ81176_RS04100
CJJ81176_RS04105	b0154	48.821	99.0	424.0	426.0	424.0	425.0	2.51e-148	b0154	CJJ81176_RS04105
CJJ81176_RS04115	b0529	54.545	97.0	282.0	288.0	275.0	288.0	8.42e-99	b0529	CJJ81176_RS04115
CJJ81176_RS04120	b2568	34.074	86.0	282.0	324.0	270.0	124.0	1.99e-34	b2568	CJJ81176_RS04120
CJJ81176_RS04125	b0827	30.904	86.0	386.0	411.0	343.0	182.0	1.8399999999999998e-54	b0827	CJJ81176_RS04125
CJJ81176_RS04130	b3189	48.571	99.0	418.0	419.0	420.0	381.0	3.82e-131	b3189	CJJ81176_RS04130
CJJ81176_RS04140	b3660	31.399	99.0	290.0	307.0	293.0	126.0	1.84e-35	b3660	CJJ81176_RS04140
CJJ81176_RS04145	b3360	38.378	97.0	188.0	187.0	185.0	157.0	5.18e-50	b3360	CJJ81176_RS04145
CJJ81176_RS04150	b1812	32.18	48.0	594.0	453.0	289.0	174.0	2.69e-49	b1812	CJJ81176_RS04150
CJJ81176_RS04155	b2894	29.568	81.0	354.0	298.0	301.0	108.0	3.32e-28	b2894	CJJ81176_RS04155
CJJ81176_RS04160	b3860	29.902	91.0	220.0	208.0	204.0	60.5	3.2e-12	b3860	CJJ81176_RS04160
CJJ81176_RS04165	b1185	28.986	50.0	269.0	176.0	138.0	52.0	3.59e-09	b1185	CJJ81176_RS04165
CJJ81176_RS04200	b4036	30.882	31.0	210.0	446.0	68.0	27.3	0.85	b4036	CJJ81176_RS04200
CJJ81176_RS04210	b2462	26.923	22.0	348.0	111.0	78.0	25.8	2.3	b2462	CJJ81176_RS04210
CJJ81176_RS04215	b1879	39.459	95.0	724.0	692.0	702.0	491.0	4.34e-166	b1879	CJJ81176_RS04215
CJJ81176_RS04220	b2531	20.896	97.0	136.0	162.0	134.0	45.4	9.16e-08	b2531	CJJ81176_RS04220
CJJ81176_RS04225	b3165	54.545	98.0	90.0	89.0	88.0	95.5	1.66e-28	b3165	CJJ81176_RS04225
CJJ81176_RS04230	b0890	46.521	51.0	946.0	1329.0	503.0	444.0	2.52e-138	b0890	CJJ81176_RS04230
CJJ81176_RS04250	b0949	35.918	98.0	643.0	635.0	632.0	370.0	8.86e-121	b0949	CJJ81176_RS04250
CJJ81176_RS04255	b0400	26.728	46.0	429.0	431.0	217.0	90.1	1.81e-20	b0400	CJJ81176_RS04255
CJJ81176_RS04265	b2913	32.308	80.0	527.0	410.0	325.0	158.0	0.6	b2913	CJJ81176_RS04265
CJJ81176_RS04275	b0911	33.766	95.0	556.0	557.0	539.0	279.0	5.48e-23	b0911	CJJ81176_RS04275
CJJ81176_RS04280	b0029	29.21	99.0	277.0	316.0	291.0	135.0	1.02e-38	b0029	CJJ81176_RS04280
CJJ81176_RS04285	b0908	28.266	95.0	428.0	427.0	421.0	108.0	1.2e-26	b0908	CJJ81176_RS04285
CJJ81176_RS04290	b1713	27.114	99.0	773.0	795.0	804.0	226.0	3.25e-64	b1713	CJJ81176_RS04290
CJJ81176_RS04295	b1714	50.92	98.0	330.0	327.0	326.0	324.0	1.63e-111	b1714	CJJ81176_RS04295
CJJ81176_RS04300	b1103	38.182	88.0	121.0	119.0	110.0	77.0	2.25e-20	b1103	CJJ81176_RS04300
CJJ81176_RS04305	b0424	33.149	92.0	189.0	196.0	181.0	80.9	3.62e-20	b0424	CJJ81176_RS04305
CJJ81176_RS04320	b0809	50.628	99.0	242.0	240.0	239.0	256.0	1.98e-87	b0809	CJJ81176_RS04320
CJJ81176_RS04325	b0007	37.684	94.0	488.0	476.0	475.0	291.0	3.04e-94	b0007	CJJ81176_RS04325
CJJ81176_RS04330	b3606	43.333	95.0	155.0	157.0	150.0	117.0	4.29e-35	b3606	CJJ81176_RS04330
CJJ81176_RS04335	b1190	24.044	99.0	328.0	356.0	366.0	85.9	9.29e-20	b1190	CJJ81176_RS04335
CJJ81176_RS04340	b0224	31.313	30.0	325.0	246.0	99.0	48.9	1.05e-07	b0224	CJJ81176_RS04340
CJJ81176_RS04345	b2393	22.609	72.0	156.0	400.0	115.0	27.3	0.52	b2393	CJJ81176_RS04345
CJJ81176_RS04370	b0440	44.944	91.0	98.0	90.0	89.0	82.4	4.0799999999999996e-23	b0440	CJJ81176_RS04370
CJJ81176_RS04375	b4098	23.656	15.0	610.0	281.0	93.0	28.1	1.6	b4098	CJJ81176_RS04375
CJJ81176_RS04380	b1253	41.463	90.0	137.0	132.0	123.0	111.0	1.93e-33	b1253	CJJ81176_RS04380
CJJ81176_RS04385	b4512	41.304	71.0	65.0	65.0	46.0	47.8	2.34e-10	b4512	CJJ81176_RS04385
CJJ81176_RS04390	b0598	56.153	99.0	703.0	701.0	707.0	763.0	0.0	b0598	CJJ81176_RS04390
CJJ81176_RS04395	b1207	55.911	99.0	309.0	315.0	313.0	360.0	3.8e-126	b1207	CJJ81176_RS04395
CJJ81176_RS04405	b1918	31.429	84.0	250.0	222.0	210.0	126.0	1.17e-36	b1918	CJJ81176_RS04405
CJJ81176_RS04415	b3271	59.751	99.0	242.0	252.0	241.0	299.0	4.7499999999999995e-104	b3271	CJJ81176_RS04415
CJJ81176_RS04420	b1884	25.703	92.0	262.0	286.0	249.0	94.0	1.1e-23	b1884	CJJ81176_RS04420
CJJ81176_RS04425	b1883	32.461	98.0	184.0	349.0	191.0	105.0	1.39e-28	b1883	CJJ81176_RS04425
CJJ81176_RS04430	b4090	45.714	95.0	145.0	149.0	140.0	126.0	3.33e-39	b4090	CJJ81176_RS04430
CJJ81176_RS04435	b1784	33.898	54.0	110.0	427.0	59.0	32.7	0.003	b1784	CJJ81176_RS04435
CJJ81176_RS04440	b0469	48.214	92.0	182.0	183.0	168.0	168.0	2.14e-54	b0469	CJJ81176_RS04440
CJJ81176_RS04445	b2136	29.448	82.0	198.0	192.0	163.0	84.7	1.43e-21	b2136	CJJ81176_RS04445
CJJ81176_RS04450	b4260	40.514	64.0	483.0	503.0	311.0	224.0	1.3999999999999998e-68	b4260	CJJ81176_RS04450
CJJ81176_RS04455	b1203	55.163	100.0	367.0	363.0	368.0	401.0	9.08e-141	b1203	CJJ81176_RS04455
CJJ81176_RS04460	b3960	43.142	97.0	460.0	457.0	452.0	370.0	9.409999999999999e-126	b3960	CJJ81176_RS04460
CJJ81176_RS04465	b3403	57.009	99.0	524.0	540.0	535.0	625.0	0.0	b3403	CJJ81176_RS04465
CJJ81176_RS04470	b0115	32.203	10.0	599.0	630.0	59.0	40.0	0.000643	b0115	CJJ81176_RS04470
CJJ81176_RS04475	b2262	45.161	7.0	446.0	285.0	31.0	28.9	0.68	b2262	CJJ81176_RS04475
CJJ81176_RS04505	b1438	31.25	40.0	119.0	138.0	48.0	30.8	0.013	b1438	CJJ81176_RS04505
CJJ81176_RS04525	b0967	29.245	69.0	150.0	396.0	106.0	27.7	0.33	b0967	CJJ81176_RS04525
CJJ81176_RS04530	b2372	22.791	67.0	303.0	314.0	215.0	35.0	0.004	b2372	CJJ81176_RS04530
CJJ81176_RS04535	b2836	30.199	62.0	1170.0	719.0	755.0	291.0	6.82e-86	b2836	CJJ81176_RS04535
CJJ81176_RS04580	b0810	37.615	82.0	261.0	219.0	218.0	129.0	1.5300000000000002e-37	b0810	CJJ81176_RS04580
CJJ81176_RS04585	b1116	21.622	100.0	401.0	399.0	407.0	97.1	4.2999999999999994e-23	b1116	CJJ81176_RS04585
CJJ81176_RS04590	b0098	49.562	99.0	862.0	901.0	914.0	828.0	0.0	b0098	CJJ81176_RS04590
CJJ81176_RS04620	b3915	32.014	94.0	295.0	300.0	278.0	176.0	1.81e-54	b3915	CJJ81176_RS04620
CJJ81176_RS04630	b1379	25.694	100.0	144.0	140.0	144.0	40.8	5.11e-06	b1379	CJJ81176_RS04630
CJJ81176_RS04640	b4006	44.569	99.0	510.0	529.0	534.0	429.0	3.0999999999999997e-147	b4006	CJJ81176_RS04640
CJJ81176_RS04645	b0055	22.749	75.0	256.0	271.0	211.0	66.6	6.16e-14	b0055	CJJ81176_RS04645
CJJ81176_RS04650	b2557	23.671	94.0	728.0	1295.0	790.0	103.0	2.3099999999999999e-23	b2557	CJJ81176_RS04650
CJJ81176_RS04655	b3706	34.286	99.0	442.0	454.0	455.0	233.0	8.360000000000001e-73	b3706	CJJ81176_RS04655
CJJ81176_RS04665	b3705	47.619	44.0	528.0	548.0	231.0	257.0	5.7900000000000005e-80	b3705	CJJ81176_RS04665
CJJ81176_RS04670	b4557	31.746	56.0	113.0	85.0	63.0	52.8	2.1e-11	b4557	CJJ81176_RS04670
CJJ81176_RS04675	b3704	27.083	86.0	108.0	119.0	96.0	30.8	0.008	b3704	CJJ81176_RS04675
CJJ81176_RS04680	b3703	65.909	100.0	44.0	46.0	44.0	45.4	6.48e-10	b3703	CJJ81176_RS04680
CJJ81176_RS04685	b4373	27.419	39.0	159.0	148.0	62.0	30.0	0.035	b4373	CJJ81176_RS04685
CJJ81176_RS04700	b0736	41.935	72.0	124.0	134.0	93.0	78.6	1.08e-20	b0736	CJJ81176_RS04700
CJJ81176_RS04720	b0553	26.087	27.0	553.0	365.0	161.0	35.0	0.012	b0553	CJJ81176_RS04720
CJJ81176_RS04730	b1871	34.828	97.0	296.0	323.0	290.0	197.0	1.49e-62	b1871	CJJ81176_RS04730
CJJ81176_RS04740	b3024	37.209	72.0	57.0	130.0	43.0	25.0	0.23	b3024	CJJ81176_RS04740
CJJ81176_RS04745	b1320	53.846	15.0	175.0	332.0	26.0	28.5	0.23	b1320	CJJ81176_RS04745
CJJ81176_RS04750	b0237	29.895	99.0	422.0	485.0	475.0	191.0	7.65e-57	b0237	CJJ81176_RS04750
CJJ81176_RS04770	b0006	23.729	89.0	246.0	258.0	236.0	43.9	3.64e-06	b0006	CJJ81176_RS04770
CJJ81176_RS04805	b4467	22.249	95.0	421.0	407.0	409.0	97.8	2.9999999999999994e-23	b4467	CJJ81176_RS04805
CJJ81176_RS04810	b3867	44.912	99.0	451.0	457.0	452.0	387.0	1.0200000000000001e-132	b3867	CJJ81176_RS04810
CJJ81176_RS04820	b0273	36.17	96.0	306.0	334.0	329.0	197.0	3.94e-62	b0273	CJJ81176_RS04820
CJJ81176_RS04825	b0369	51.09	98.0	327.0	324.0	321.0	310.0	3.59e-106	b0369	CJJ81176_RS04825
CJJ81176_RS04830	b1277	46.632	99.0	186.0	196.0	193.0	172.0	4.92e-56	b1277	CJJ81176_RS04830
CJJ81176_RS04835	b3740	27.273	73.0	188.0	207.0	143.0	66.2	1.17e-14	b3740	CJJ81176_RS04835
CJJ81176_RS04845	b2158	36.795	92.0	365.0	349.0	337.0	183.0	1.2099999999999999e-55	b2158	CJJ81176_RS04845
CJJ81176_RS04850	b2157	24.746	98.0	293.0	293.0	295.0	103.0	7.410000000000001e-27	b2157	CJJ81176_RS04850
CJJ81176_RS04855	b2741	44.248	36.0	622.0	330.0	226.0	205.0	8.35e-62	b2741	CJJ81176_RS04855
CJJ81176_RS04865	b3424	27.143	76.0	172.0	276.0	140.0	35.4	0.001	b3424	CJJ81176_RS04865
CJJ81176_RS04890	b3389	35.359	99.0	351.0	362.0	362.0	216.0	1.33e-68	b3389	CJJ81176_RS04890
CJJ81176_RS04900	b0406	42.359	100.0	373.0	375.0	373.0	315.0	8.690000000000001e-107	b0406	CJJ81176_RS04900
CJJ81176_RS04905	b1342	20.805	58.0	255.0	327.0	149.0	40.8	4.77e-05	b1342	CJJ81176_RS04905
CJJ81176_RS04920	b4074	26.667	12.0	1081.0	552.0	135.0	41.2	0.000324	b4074	CJJ81176_RS04920
CJJ81176_RS04925	b3454	46.552	99.0	231.0	237.0	232.0	214.0	3.1e-71	b3454	CJJ81176_RS04925
CJJ81176_RS04930	b3455	41.6	98.0	256.0	255.0	250.0	219.0	1.8700000000000002e-72	b3455	CJJ81176_RS04930
CJJ81176_RS04935	b3456	31.25	77.0	350.0	425.0	304.0	117.0	2.27e-30	b3456	CJJ81176_RS04935
CJJ81176_RS04940	b3457	41.472	96.0	298.0	308.0	299.0	194.0	3.0399999999999997e-61	b3457	CJJ81176_RS04940
CJJ81176_RS04950	b3460	27.762	94.0	371.0	367.0	353.0	108.0	1.8400000000000002e-27	b3460	CJJ81176_RS04950
CJJ81176_RS04965	b3002	25.6	74.0	168.0	164.0	125.0	28.1	0.21	b3002	CJJ81176_RS04965
CJJ81176_RS04970	b2319	33.528	99.0	343.0	337.0	343.0	182.0	1.33e-55	b2319	CJJ81176_RS04970
CJJ81176_RS04975	b2220	38.137	99.0	433.0	461.0	451.0	303.0	6.08e-100	b2220	CJJ81176_RS04975
CJJ81176_RS04985	b0128	24.051	42.0	171.0	256.0	79.0	26.2	1.3	b0128	CJJ81176_RS04985
CJJ81176_RS04990	b2231	47.166	98.0	862.0	875.0	882.0	798.0	0.0	b2231	CJJ81176_RS04990
CJJ81176_RS05005	b2569	58.389	99.0	598.0	599.0	596.0	691.0	0.0	b2569	CJJ81176_RS05005
CJJ81176_RS05050	b0090	25.153	90.0	342.0	355.0	326.0	117.0	6.52e-31	b0090	CJJ81176_RS05050
CJJ81176_RS05060	b1395	25.688	39.0	283.0	475.0	109.0	31.2	0.073	b1395	CJJ81176_RS05060
CJJ81176_RS05065	b3905	28.947	26.0	296.0	278.0	76.0	51.6	1.65e-08	b3905	CJJ81176_RS05065
CJJ81176_RS05075	b3990	37.714	91.0	381.0	377.0	350.0	246.0	1.3400000000000002e-79	b3990	CJJ81176_RS05075
CJJ81176_RS05080	b3991	47.012	96.0	258.0	256.0	251.0	211.0	1.83e-69	b3991	CJJ81176_RS05080
CJJ81176_RS05085	b0826	27.604	70.0	267.0	249.0	192.0	73.9	1.63e-16	b0826	CJJ81176_RS05085
CJJ81176_RS05090	b4407	26.471	54.0	63.0	66.0	34.0	27.7	0.018	b4407	CJJ81176_RS05090
CJJ81176_RS05095	b2472	35.501	99.0	365.0	375.0	369.0	221.0	3.72e-70	b2472	CJJ81176_RS05095
CJJ81176_RS05100	b3823	32.692	25.0	199.0	206.0	52.0	29.3	0.15	b3823	CJJ81176_RS05100
CJJ81176_RS05105	b1120	37.129	85.0	233.0	242.0	202.0	146.0	1.62e-44	b1120	CJJ81176_RS05105
CJJ81176_RS05110	b2733	24.631	27.0	736.0	853.0	203.0	43.1	6.22e-05	b2733	CJJ81176_RS05110
CJJ81176_RS05120	b0091	33.168	87.0	432.0	491.0	404.0	171.0	4.95e-49	b0091	CJJ81176_RS05120
CJJ81176_RS05130	b0219	36.364	17.0	258.0	256.0	44.0	37.0	0.000723	b0219	CJJ81176_RS05130
CJJ81176_RS05140	b2508	57.32	99.0	485.0	488.0	485.0	507.0	8.11e-179	b2508	CJJ81176_RS05140
CJJ81176_RS05155	b0026	39.958	99.0	917.0	938.0	956.0	653.0	0.0	b0026	CJJ81176_RS05155
CJJ81176_RS05160	b2700	34.307	38.0	362.0	165.0	137.0	81.3	2.39e-19	b2700	CJJ81176_RS05160
CJJ81176_RS05165	b4093	35.821	48.0	141.0	144.0	67.0	40.4	5.89e-06	b4093	CJJ81176_RS05165
CJJ81176_RS05175	b0578	23.118	85.0	201.0	217.0	186.0	48.9	3.26e-08	b0578	CJJ81176_RS05175
CJJ81176_RS05180	b1912	35.795	93.0	178.0	182.0	176.0	104.0	1.62e-29	b1912	CJJ81176_RS05180
CJJ81176_RS05185	b0176	32.794	92.0	368.0	450.0	247.0	106.0	1.92e-25	b0176	CJJ81176_RS05185
CJJ81176_RS05190	b0877	28.947	49.0	288.0	330.0	152.0	56.6	3.47e-10	b0877	CJJ81176_RS05190
CJJ81176_RS05195	b4200	31.522	74.0	125.0	131.0	92.0	57.4	1.31e-12	b4200	CJJ81176_RS05195
CJJ81176_RS05200	b4059	42.373	62.0	182.0	178.0	118.0	90.5	3.38e-24	b4059	CJJ81176_RS05200
CJJ81176_RS05205	b4202	50.725	80.0	86.0	75.0	69.0	72.0	1.65e-19	b4202	CJJ81176_RS05205
CJJ81176_RS05210	b0439	39.898	98.0	791.0	784.0	782.0	590.0	0.0	b0439	CJJ81176_RS05210
CJJ81176_RS05215	b2595	22.772	47.0	215.0	245.0	101.0	30.4	0.063	b2595	CJJ81176_RS05215
CJJ81176_RS05225	b0386	29.94	66.0	243.0	269.0	167.0	88.2	7.46e-22	b0386	CJJ81176_RS05225
CJJ81176_RS05250	b3993	28.729	84.0	210.0	211.0	181.0	57.8	2.26e-11	b3993	CJJ81176_RS05250
CJJ81176_RS05255	b2103	41.065	96.0	270.0	266.0	263.0	193.0	6.13e-62	b2103	CJJ81176_RS05255
CJJ81176_RS05270	b1114	37.855	77.0	978.0	1148.0	634.0	456.0	1.3e-13	b1114	CJJ81176_RS05270
CJJ81176_RS05285	b2315	30.293	73.0	394.0	422.0	307.0	114.0	3.95e-29	b2315	CJJ81176_RS05285
CJJ81176_RS05300	b0642	43.318	99.0	809.0	860.0	868.0	717.0	0.0	b0642	CJJ81176_RS05300
CJJ81176_RS05305	b0409	36.656	95.0	323.0	323.0	311.0	225.0	4.7500000000000007e-73	b0409	CJJ81176_RS05305
CJJ81176_RS05310	b0408	33.396	95.0	526.0	615.0	530.0	270.0	5.6e-84	b0408	CJJ81176_RS05310
CJJ81176_RS05315	b0407	44.706	93.0	90.0	110.0	85.0	80.1	3.19e-22	b0407	CJJ81176_RS05315
CJJ81176_RS05320	b0657	22.455	67.0	441.0	512.0	334.0	64.7	4.5e-12	b0657	CJJ81176_RS05320
CJJ81176_RS05325	b2942	40.657	99.0	398.0	384.0	396.0	274.0	5.01e-90	b2942	CJJ81176_RS05325
CJJ81176_RS05330	b3089	53.149	98.0	407.0	414.0	397.0	395.0	7.19e-137	b3089	CJJ81176_RS05330
CJJ81176_RS05335	b4245	31.788	97.0	295.0	311.0	302.0	124.0	3.01e-34	b4245	CJJ81176_RS05335
CJJ81176_RS05340	b3498	25.188	38.0	572.0	680.0	266.0	44.7	1.56e-05	b3498	CJJ81176_RS05340
CJJ81176_RS05350	b3813	34.589	98.0	691.0	720.0	717.0	401.0	3.46e-131	b3813	CJJ81176_RS05350
CJJ81176_RS05355	b3166	30.332	77.0	272.0	314.0	211.0	103.0	5.9500000000000004e-27	b3166	CJJ81176_RS05355
CJJ81176_RS05360	b2696	33.333	72.0	75.0	61.0	54.0	40.8	1.96e-07	b2696	CJJ81176_RS05360
CJJ81176_RS05365	b1208	29.67	70.0	255.0	283.0	182.0	71.6	1.39e-15	b1208	CJJ81176_RS05365
CJJ81176_RS05370	b2620	42.466	97.0	150.0	160.0	146.0	113.0	8.659999999999999e-34	b2620	CJJ81176_RS05370
CJJ81176_RS05380	b0881	44.048	88.0	96.0	106.0	84.0	80.9	2.43e-22	b0881	CJJ81176_RS05380
CJJ81176_RS05385	b0882	41.528	96.0	709.0	758.0	720.0	572.0	0.0	b0882	CJJ81176_RS05385
CJJ81176_RS05390	b0885	37.895	86.0	215.0	234.0	190.0	149.0	5.03e-46	b0885	CJJ81176_RS05390
CJJ81176_RS05400	b1242	26.442	97.0	208.0	215.0	208.0	67.4	7.77e-15	b1242	CJJ81176_RS05400
CJJ81176_RS05405	b1778	44.444	96.0	119.0	137.0	117.0	93.6	9.980000000000001e-27	b1778	CJJ81176_RS05405
CJJ81176_RS05410	b0824	28.358	25.0	265.0	299.0	67.0	26.2	2.2	b0824	CJJ81176_RS05410
CJJ81176_RS05420	b1875	40.0	17.0	205.0	188.0	35.0	27.7	0.46	b1875	CJJ81176_RS05420
CJJ81176_RS05425	b3178	43.493	92.0	645.0	644.0	607.0	477.0	3.69e-162	b3178	CJJ81176_RS05425
CJJ81176_RS05435	b1882	48.333	92.0	130.0	129.0	120.0	119.0	1.4e-36	b1882	CJJ81176_RS05435
CJJ81176_RS05460	b2047	41.176	88.0	200.0	464.0	187.0	136.0	6.02e-39	b2047	CJJ81176_RS05460
CJJ81176_RS05465	b3631	25.301	42.0	376.0	374.0	166.0	47.8	5.61e-07	b3631	CJJ81176_RS05465
CJJ81176_RS05470	b4065	35.135	5.0	713.0	549.0	37.0	29.6	0.78	b4065	CJJ81176_RS05470
CJJ81176_RS05475	b3628	24.294	47.0	365.0	359.0	177.0	49.7	1.45e-07	b3628	CJJ81176_RS05475
CJJ81176_RS05480	b2059	35.043	37.0	309.0	279.0	117.0	72.8	9.77e-16	b2059	CJJ81176_RS05480
CJJ81176_RS05495	b0759	36.036	99.0	328.0	338.0	333.0	222.0	1.8e-71	b0759	CJJ81176_RS05495
CJJ81176_RS05505	b3621	26.49	85.0	342.0	319.0	302.0	108.0	4.63e-28	b3621	CJJ81176_RS05505
CJJ81176_RS05510	b1054	21.708	93.0	295.0	306.0	281.0	77.8	2.21e-17	b1054	CJJ81176_RS05510
CJJ81176_RS05545	b4032	28.07	16.0	346.0	296.0	57.0	31.6	0.06	b4032	CJJ81176_RS05545
CJJ81176_RS05550	b3786	24.581	45.0	374.0	376.0	179.0	49.7	1.54e-07	b3786	CJJ81176_RS05550
CJJ81176_RS05565	b0459	29.565	42.0	277.0	183.0	115.0	60.5	4.52e-12	b0459	CJJ81176_RS05565
CJJ81176_RS05570	b3615	25.455	95.0	275.0	344.0	275.0	96.7	3.5599999999999995e-24	b3615	CJJ81176_RS05570
CJJ81176_RS05575	b3620	22.767	99.0	317.0	348.0	347.0	94.0	7.59e-23	b3620	CJJ81176_RS05575
CJJ81176_RS05585	b0222	50.0	85.0	186.0	192.0	160.0	152.0	4.1199999999999995e-48	b0222	CJJ81176_RS05585
CJJ81176_RS05590	b3052	41.929	98.0	461.0	477.0	477.0	335.0	1.37e-111	b3052	CJJ81176_RS05590
CJJ81176_RS05595	b3619	32.915	97.0	317.0	310.0	319.0	151.0	1.13e-44	b3619	CJJ81176_RS05595
CJJ81176_RS05600	b0200	43.949	80.0	186.0	191.0	157.0	148.0	1.4299999999999999e-46	b0200	CJJ81176_RS05600
CJJ81176_RS05615	b0484	29.567	99.0	785.0	834.0	832.0	329.0	1.25e-101	b0484	CJJ81176_RS05615
CJJ81176_RS05620	b3783	56.522	95.0	432.0	419.0	414.0	476.0	3.6199999999999997e-168	b3783	CJJ81176_RS05620
CJJ81176_RS05625	b0470	44.755	56.0	509.0	431.0	286.0	259.0	1.9899999999999998e-82	b0470	CJJ81176_RS05625
CJJ81176_RS05645	b0752	34.717	83.0	316.0	313.0	265.0	135.0	1.55e-38	b0752	CJJ81176_RS05645
CJJ81176_RS05650	b1833	26.923	30.0	87.0	427.0	26.0	25.0	0.8	b1833	CJJ81176_RS05650
CJJ81176_RS05655	b4363	32.903	93.0	164.0	157.0	155.0	79.0	3.42e-20	b4363	CJJ81176_RS05655
CJJ81176_RS05660	b4364	24.506	97.0	258.0	256.0	253.0	81.6	2.18e-19	b4364	CJJ81176_RS05660
CJJ81176_RS05670	b2317	24.737	92.0	200.0	219.0	190.0	57.4	3.62e-11	b2317	CJJ81176_RS05670
CJJ81176_RS05675	b0326	28.889	55.0	75.0	271.0	45.0	27.3	0.087	b0326	CJJ81176_RS05675
CJJ81176_RS05685	b3363	36.957	82.0	160.0	190.0	138.0	73.2	1.05e-17	b3363	CJJ81176_RS05685
CJJ81176_RS05690	b1864	37.662	97.0	235.0	246.0	231.0	149.0	1.96e-45	b1864	CJJ81176_RS05690
CJJ81176_RS05695	b1600	38.889	93.0	113.0	121.0	108.0	70.9	3.97e-18	b1600	CJJ81176_RS05695
CJJ81176_RS05700	b1599	39.583	94.0	102.0	109.0	96.0	72.8	4.36e-19	b1599	CJJ81176_RS05700
CJJ81176_RS05705	b1876	24.057	93.0	530.0	577.0	557.0	101.0	1.41e-23	b1876	CJJ81176_RS05705
CJJ81176_RS05710	b3836	38.462	97.0	79.0	89.0	78.0	43.5	3.45e-08	b3836	CJJ81176_RS05710
CJJ81176_RS05715	b3648	41.753	92.0	207.0	207.0	194.0	141.0	2.47e-43	b3648	CJJ81176_RS05715
CJJ81176_RS05725	b1950	28.696	90.0	255.0	261.0	230.0	91.3	6.53e-23	b1950	CJJ81176_RS05725
CJJ81176_RS05735	b0170	35.211	99.0	357.0	283.0	355.0	182.0	2.15e-56	b0170	CJJ81176_RS05735
CJJ81176_RS05740	b0169	52.966	90.0	263.0	241.0	236.0	249.0	1.93e-84	b0169	CJJ81176_RS05740
CJJ81176_RS05745	b1661	37.5	91.0	387.0	382.0	360.0	211.0	1.18e-65	b1661	CJJ81176_RS05745
CJJ81176_RS05760	b4198	33.333	32.0	167.0	228.0	54.0	30.0	0.06	b4198	CJJ81176_RS05760
CJJ81176_RS05765	b3502	32.947	99.0	428.0	429.0	431.0	220.0	2.4899999999999997e-68	b3502	CJJ81176_RS05765
CJJ81176_RS05770	b3741	51.216	99.0	619.0	629.0	617.0	612.0	0.0	b3741	CJJ81176_RS05770
CJJ81176_RS05775	b3072	36.429	85.0	165.0	506.0	140.0	107.0	6.77e-29	b3072	CJJ81176_RS05775
CJJ81176_RS05790	b3528	45.035	94.0	458.0	428.0	433.0	361.0	1.32e-122	b3528	CJJ81176_RS05790
CJJ81176_RS05795	b3580	22.222	46.0	268.0	498.0	126.0	33.9	0.009	b3580	CJJ81176_RS05795
CJJ81176_RS05800	b3493	57.143	61.0	508.0	499.0	185.0	50.1	5.6	b3493	CJJ81176_RS05800
CJJ81176_RS05805	b0512	23.494	40.0	392.0	453.0	166.0	46.2	2.4e-06	b0512	CJJ81176_RS05805
CJJ81176_RS05810	b3608	31.193	98.0	298.0	339.0	327.0	148.0	2.5100000000000002e-43	b3608	CJJ81176_RS05810
CJJ81176_RS05815	b0520	47.619	4.0	472.0	271.0	21.0	28.9	0.74	b0520	CJJ81176_RS05815
CJJ81176_RS05820	b2687	70.807	98.0	164.0	171.0	161.0	253.0	2.35e-88	b2687	CJJ81176_RS05820
CJJ81176_RS05835	b3829	45.02	99.0	754.0	753.0	753.0	657.0	0.0	b3829	CJJ81176_RS05835
CJJ81176_RS05840	b3941	33.712	94.0	282.0	296.0	264.0	166.0	1.1e-50	b3941	CJJ81176_RS05840
CJJ81176_RS05850	b3738	33.929	63.0	226.0	271.0	168.0	65.9	8.39e-14	b3738	CJJ81176_RS05850
CJJ81176_RS05855	b4389	42.198	99.0	446.0	460.0	455.0	358.0	4.55e-121	b4389	CJJ81176_RS05855
CJJ81176_RS05860	b3464	46.188	77.0	288.0	497.0	223.0	205.0	1.06e-63	b3464	CJJ81176_RS05860
CJJ81176_RS05865	b2195	24.107	61.0	185.0	185.0	112.0	33.5	0.004	b2195	CJJ81176_RS05865
CJJ81176_RS05870	b2912	26.923	37.0	208.0	182.0	78.0	38.5	9.7e-05	b2912	CJJ81176_RS05870
CJJ81176_RS05890	b3886	27.068	97.0	268.0	290.0	266.0	95.5	4.37e-24	b3886	CJJ81176_RS05890
CJJ81176_RS05895	b2979	37.019	90.0	460.0	499.0	416.0	283.0	3.85e-91	b2979	CJJ81176_RS05895
CJJ81176_RS05900	b1368	26.126	44.0	241.0	342.0	111.0	26.9	1.1	b1368	CJJ81176_RS05900
CJJ81176_RS05905	b1856	30.178	86.0	386.0	440.0	338.0	135.0	1.01e-36	b1856	CJJ81176_RS05905
CJJ81176_RS05915	b2593	28.108	77.0	226.0	243.0	185.0	81.3	1.53e-19	b2593	CJJ81176_RS05915
CJJ81176_RS05920	b1662	32.432	86.0	203.0	213.0	185.0	92.8	2.2899999999999998e-24	b1662	CJJ81176_RS05920
CJJ81176_RS05930	b4142	37.5	100.0	86.0	97.0	96.0	52.8	1.15e-11	b4142	CJJ81176_RS05930
CJJ81176_RS05935	b4143	63.378	96.0	545.0	548.0	527.0	654.0	0.0	b4143	CJJ81176_RS05935
CJJ81176_RS05940	b2078	27.451	47.0	396.0	467.0	204.0	73.6	3.48e-15	b2078	CJJ81176_RS05940
CJJ81176_RS05970	b1969	35.909	98.0	224.0	223.0	220.0	134.0	5.8199999999999996e-40	b1969	CJJ81176_RS05970
CJJ81176_RS05975	b0161	41.176	83.0	472.0	474.0	408.0	276.0	7.93e-89	b0161	CJJ81176_RS05975
CJJ81176_RS05980	b1000	33.101	94.0	297.0	306.0	287.0	148.0	8.83e-44	b1000	CJJ81176_RS05980
CJJ81176_RS05985	b2127	42.466	58.0	124.0	243.0	73.0	54.7	6.09e-11	b2127	CJJ81176_RS05985
CJJ81176_RS05990	b0047	30.364	89.0	541.0	620.0	494.0	217.0	5.1400000000000006e-64	b0047	CJJ81176_RS05990
CJJ81176_RS06005	b3559	31.412	99.0	664.0	689.0	694.0	311.0	2.49e-97	b3559	CJJ81176_RS06005
CJJ81176_RS06015	b3576	24.444	28.0	316.0	155.0	90.0	26.2	2.5	b3576	CJJ81176_RS06015
CJJ81176_RS06025	b2564	45.736	97.0	262.0	243.0	258.0	204.0	1.8200000000000002e-66	b2564	CJJ81176_RS06025
CJJ81176_RS06030	b0052	26.81	99.0	364.0	329.0	373.0	121.0	1.24e-32	b0052	CJJ81176_RS06030
CJJ81176_RS06040	b0396	27.735	98.0	399.0	394.0	393.0	143.0	8.81e-40	b0396	CJJ81176_RS06040
CJJ81176_RS06050	b3997	45.455	99.0	340.0	354.0	341.0	308.0	6.3800000000000005e-105	b3997	CJJ81176_RS06050
CJJ81176_RS06060	b4234	32.558	19.0	398.0	183.0	86.0	33.9	0.011	b4234	CJJ81176_RS06060
CJJ81176_RS06065	b1913	29.836	97.0	600.0	610.0	610.0	239.0	6.68e-72	b1913	CJJ81176_RS06065
CJJ81176_RS06070	b3216	32.558	26.0	164.0	793.0	43.0	27.7	0.43	b3216	CJJ81176_RS06070
CJJ81176_RS06075	b2507	52.207	100.0	511.0	525.0	521.0	559.0	0.0	b2507	CJJ81176_RS06075
CJJ81176_RS06080	b2642	30.159	13.0	486.0	567.0	63.0	28.9	0.88	b2642	CJJ81176_RS06080
CJJ81176_RS06085	b4005	39.252	100.0	416.0	429.0	428.0	298.0	8.03e-99	b4005	CJJ81176_RS06085
CJJ81176_RS06095	b0054	28.571	14.0	682.0	784.0	98.0	49.3	6.58e-07	b0054	CJJ81176_RS06095
CJJ81176_RS06100	b3164	38.283	99.0	719.0	711.0	734.0	481.0	5.09e-162	b3164	CJJ81176_RS06100
CJJ81176_RS06105	b3068	35.484	19.0	160.0	168.0	31.0	32.7	0.006	b3068	CJJ81176_RS06105
CJJ81176_RS06120	b1053	34.684	98.0	394.0	408.0	395.0	220.0	4.23e-69	b1053	CJJ81176_RS06120
CJJ81176_RS06125	b2061	24.476	93.0	151.0	147.0	143.0	59.3	7.84e-13	b2061	CJJ81176_RS06125
CJJ81176_RS06130	b1187	25.532	20.0	424.0	239.0	94.0	28.1	1.1	b1187	CJJ81176_RS06130
CJJ81176_RS06135	b0015	40.323	98.0	374.0	376.0	372.0	281.0	1.81e-93	b0015	CJJ81176_RS06135
CJJ81176_RS06140	b2079	37.273	98.0	223.0	240.0	220.0	144.0	5.47e-44	b2079	CJJ81176_RS06140
CJJ81176_RS06145	b4112	22.581	63.0	411.0	363.0	279.0	69.7	5.39e-14	b4112	CJJ81176_RS06145
CJJ81176_RS06150	b0472	33.161	96.0	190.0	201.0	193.0	117.0	1.98e-34	b0472	CJJ81176_RS06150
CJJ81176_RS06155	b2993	28.125	71.0	178.0	164.0	128.0	65.5	9.34e-15	b2993	CJJ81176_RS06155
CJJ81176_RS06160	b0974	25.541	97.0	230.0	235.0	231.0	92.8	7.23e-24	b0974	CJJ81176_RS06160
CJJ81176_RS06165	b0973	40.646	99.0	571.0	597.0	588.0	434.0	2.76e-147	b0973	CJJ81176_RS06165
CJJ81176_RS06170	b0972	45.0	89.0	379.0	372.0	340.0	287.0	1.1299999999999999e-95	b0972	CJJ81176_RS06170
CJJ81176_RS06175	b2324	30.24	99.0	613.0	668.0	668.0	262.0	1.13e-79	b2324	CJJ81176_RS06175
CJJ81176_RS06180	b2435	32.296	38.0	659.0	289.0	257.0	118.0	2.24e-30	b2435	CJJ81176_RS06180
CJJ81176_RS06190	b1637	28.753	89.0	401.0	424.0	393.0	123.0	2.2900000000000002e-32	b1637	CJJ81176_RS06190
CJJ81176_RS06195	b3650	34.101	86.0	731.0	702.0	651.0	363.0	2.4700000000000002e-116	b3650	CJJ81176_RS06195
CJJ81176_RS06200	b3649	46.296	72.0	74.0	91.0	54.0	35.4	4.47e-05	b3649	CJJ81176_RS06200
CJJ81176_RS06205	b0171	49.778	94.0	239.0	241.0	225.0	226.0	9.95e-76	b0171	CJJ81176_RS06205
CJJ81176_RS06225	b2960	26.111	44.0	392.0	239.0	180.0	66.2	2.13e-13	b2960	CJJ81176_RS06225
CJJ81176_RS06235	b2594	30.323	90.0	322.0	326.0	310.0	124.0	5.19e-34	b2594	CJJ81176_RS06235
CJJ81176_RS06240	b0634	36.923	87.0	366.0	370.0	325.0	168.0	1.0700000000000001e-49	b0634	CJJ81176_RS06240
CJJ81176_RS06270	b2498	43.627	97.0	208.0	208.0	204.0	194.0	7.69e-64	b2498	CJJ81176_RS06270
CJJ81176_RS06275	b2463	53.477	99.0	411.0	759.0	417.0	429.0	1.82e-145	b2463	CJJ81176_RS06275
CJJ81176_RS06280	b2400	43.723	98.0	463.0	471.0	462.0	390.0	2.84e-133	b2400	CJJ81176_RS06280
CJJ81176_RS06290	b3256	53.394	99.0	443.0	449.0	442.0	457.0	2.9900000000000004e-160	b3256	CJJ81176_RS06290
CJJ81176_RS06295	b3255	37.888	99.0	151.0	156.0	161.0	89.4	2.1e-24	b3255	CJJ81176_RS06295
CJJ81176_RS06300	b2065	29.375	78.0	186.0	193.0	160.0	61.2	6.3e-13	b2065	CJJ81176_RS06300
CJJ81176_RS06310	b2253	28.0	96.0	376.0	385.0	375.0	163.0	1.1500000000000002e-47	b2253	CJJ81176_RS06310
CJJ81176_RS06325	b4386	23.288	26.0	239.0	338.0	73.0	28.5	0.45	b4386	CJJ81176_RS06325
CJJ81176_RS06355	b4021	47.826	6.0	404.0	229.0	23.0	28.1	0.83	b4021	CJJ81176_RS06355
CJJ81176_RS06360	b0586	25.38	87.0	503.0	1293.0	461.0	164.0	4.89e-44	b0586	CJJ81176_RS06360
CJJ81176_RS06365	b4012	21.429	48.0	241.0	147.0	126.0	37.4	0.000261	b4012	CJJ81176_RS06365
CJJ81176_RS06390	b3718	23.171	56.0	274.0	240.0	164.0	30.8	0.066	b3718	CJJ81176_RS06390
CJJ81176_RS06395	b1427	29.464	66.0	157.0	179.0	112.0	38.5	5.91e-05	b1427	CJJ81176_RS06395
CJJ81176_RS06440	b1923	35.057	30.0	576.0	498.0	174.0	90.1	5.22e-20	b1923	CJJ81176_RS06440
CJJ81176_RS06445	b0209	30.864	13.0	608.0	266.0	81.0	29.6	0.58	b0209	CJJ81176_RS06445
CJJ81176_RS06455	b3328	35.593	35.0	171.0	145.0	59.0	34.3	0.001	b3328	CJJ81176_RS06455
CJJ81176_RS06460	b3064	36.538	91.0	335.0	337.0	312.0	201.0	2.87e-63	b3064	CJJ81176_RS06460
CJJ81176_RS06470	b0173	31.525	99.0	356.0	398.0	387.0	182.0	4.34e-55	b0173	CJJ81176_RS06470
CJJ81176_RS06475	b0175	44.966	56.0	241.0	285.0	149.0	114.0	1.55e-31	b0175	CJJ81176_RS06475
CJJ81176_RS06490	b3857	22.632	97.0	191.0	194.0	190.0	58.9	5.36e-12	b3857	CJJ81176_RS06490
CJJ81176_RS06495	b3821	34.866	75.0	329.0	289.0	261.0	129.0	4.3600000000000004e-36	b3821	CJJ81176_RS06495
CJJ81176_RS06510	b0151	39.831	93.0	251.0	265.0	236.0	201.0	4.2e-65	b0151	CJJ81176_RS06510
CJJ81176_RS06515	b4290	24.907	78.0	330.0	300.0	269.0	68.6	4.11e-14	b4290	CJJ81176_RS06515
CJJ81176_RS06520	b4382	31.429	48.0	73.0	440.0	35.0	26.2	0.22	b4382	CJJ81176_RS06520
CJJ81176_RS06535	b3974	39.623	24.0	184.0	316.0	53.0	28.1	0.37	b3974	CJJ81176_RS06535
CJJ81176_RS06540	b4070	30.11	73.0	610.0	478.0	455.0	170.0	2.54e-47	b4070	CJJ81176_RS06540
CJJ81176_RS06545	b2202	32.065	98.0	171.0	200.0	184.0	66.6	5e-15	b2202	CJJ81176_RS06545
CJJ81176_RS06550	b2501	31.609	95.0	694.0	688.0	696.0	337.0	7.5e-107	b2501	CJJ81176_RS06550
CJJ81176_RS06560	b1860	51.212	97.0	335.0	336.0	330.0	348.0	1.14e-120	b1860	CJJ81176_RS06560
CJJ81176_RS06565	b2493	19.505	89.0	347.0	353.0	323.0	36.6	0.002	b2493	CJJ81176_RS06565
CJJ81176_RS06570	b1611	62.144	99.0	463.0	467.0	457.0	592.0	0.0	b1611	CJJ81176_RS06570
CJJ81176_RS06580	b3729	41.195	100.0	598.0	609.0	619.0	455.0	7.22e-155	b3729	CJJ81176_RS06580
CJJ81176_RS06585	b0167	34.884	5.0	782.0	890.0	43.0	35.0	0.024	b0167	CJJ81176_RS06585
CJJ81176_RS06590	b0060	34.247	20.0	354.0	783.0	73.0	35.4	0.006	b0060	CJJ81176_RS06590
CJJ81176_RS06600	b3664	38.837	97.0	439.0	444.0	430.0	295.0	6.67e-97	b3664	CJJ81176_RS06600
CJJ81176_RS06605	b0238	23.944	91.0	147.0	152.0	142.0	37.4	0.000102	b0238	CJJ81176_RS06605
CJJ81176_RS06610	b2346	32.487	83.0	232.0	251.0	197.0	88.6	3.3400000000000003e-22	b2346	CJJ81176_RS06610
CJJ81176_RS06615	b3192	22.556	68.0	189.0	211.0	133.0	55.5	1.15e-10	b3192	CJJ81176_RS06615
CJJ81176_RS06625	b2954	37.864	99.0	200.0	197.0	206.0	110.0	1.32e-31	b2954	CJJ81176_RS06625
CJJ81176_RS06630	b0427	32.346	97.0	433.0	454.0	439.0	210.0	3.14e-64	b0427	CJJ81176_RS06630
CJJ81176_RS06640	b3591	40.36	85.0	440.0	463.0	389.0	257.0	6.52e-82	b3591	CJJ81176_RS06640
CJJ81176_RS06645	b3590	26.23	59.0	601.0	614.0	366.0	159.0	1.6499999999999998e-42	b3590	CJJ81176_RS06645
CJJ81176_RS06650	b0604	53.846	11.0	236.0	248.0	26.0	36.2	0.001	b0604	CJJ81176_RS06650
CJJ81176_RS06655	b0267	27.941	34.0	183.0	384.0	68.0	32.0	0.022	b0267	CJJ81176_RS06655
CJJ81176_RS06660	b0684	40.252	94.0	163.0	176.0	159.0	120.0	3.16e-36	b0684	CJJ81176_RS06660
CJJ81176_RS06675	b1732	45.767	89.0	474.0	753.0	437.0	369.0	1.95e-121	b1732	CJJ81176_RS06675
CJJ81176_RS06680	b0318	30.556	76.0	156.0	201.0	123.0	40.8	2.5	b0318	CJJ81176_RS06680
CJJ81176_RS06685	b3346	29.412	93.0	218.0	240.0	204.0	79.7	3.88e-19	b3346	CJJ81176_RS06685
CJJ81176_RS06690	b3113	44.068	96.0	120.0	129.0	118.0	105.0	1.2600000000000002e-31	b3113	CJJ81176_RS06690
CJJ81176_RS06695	b3227	38.235	99.0	479.0	455.0	476.0	320.0	4.769999999999999e-106	b3227	CJJ81176_RS06695
CJJ81176_RS06700	b3008	34.694	98.0	387.0	395.0	392.0	256.0	5.07e-83	b3008	CJJ81176_RS06700
CJJ81176_RS06710	b0334	20.47	63.0	446.0	483.0	298.0	38.1	0.000883	b0334	CJJ81176_RS06710
CJJ81176_RS06720	b3409	28.344	41.0	614.0	773.0	314.0	124.0	1.04e-30	b3409	CJJ81176_RS06720
CJJ81176_RS06730	b1288	46.899	94.0	274.0	262.0	258.0	246.0	8.91e-83	b1288	CJJ81176_RS06730
CJJ81176_RS06735	b3919	34.31	97.0	223.0	255.0	239.0	115.0	1.65e-32	b3919	CJJ81176_RS06735
CJJ81176_RS06740	b2926	42.929	99.0	400.0	387.0	396.0	305.0	3.85e-102	b2926	CJJ81176_RS06740
CJJ81176_RS06745	b1779	46.667	99.0	332.0	331.0	330.0	313.0	3.15e-107	b1779	CJJ81176_RS06745
CJJ81176_RS06750	b0639	21.538	92.0	181.0	213.0	195.0	51.2	3.23e-09	b0639	CJJ81176_RS06750
CJJ81176_RS06755	b0637	28.125	87.0	108.0	105.0	96.0	57.0	6.35e-13	b0637	CJJ81176_RS06755
CJJ81176_RS06760	b3097	30.631	88.0	125.0	122.0	111.0	38.1	2.45e-05	b3097	CJJ81176_RS06760
CJJ81176_RS06765	b2048	29.806	97.0	456.0	456.0	463.0	142.0	1.77e-38	b2048	CJJ81176_RS06765
CJJ81176_RS06775	b2563	31.092	97.0	115.0	126.0	119.0	55.5	4.94e-12	b2563	CJJ81176_RS06775
CJJ81176_RS06780	b1139	30.612	35.0	139.0	297.0	49.0	24.6	3.2	b1139	CJJ81176_RS06780
CJJ81176_RS06790	b1238	27.273	24.0	373.0	205.0	88.0	28.1	0.88	b1238	CJJ81176_RS06790
CJJ81176_RS06795	b3047	25.61	20.0	394.0	249.0	82.0	29.6	0.27	b3047	CJJ81176_RS06795
CJJ81176_RS06800	b3565	26.667	10.0	689.0	440.0	75.0	32.0	0.15	b3565	CJJ81176_RS06800
CJJ81176_RS06805	b2750	28.169	82.0	170.0	201.0	142.0	70.1	2.85e-16	b2750	CJJ81176_RS06805
CJJ81176_RS06820	b1702	32.353	9.0	779.0	792.0	68.0	45.4	1.3e-05	b1702	CJJ81176_RS06820
CJJ81176_RS06830	b0210	30.952	31.0	257.0	207.0	84.0	38.1	0.000209	b0210	CJJ81176_RS06830
CJJ81176_RS06845	b2039	30.818	67.0	224.0	293.0	159.0	64.7	2.51e-13	b2039	CJJ81176_RS06845
CJJ81176_RS06850	b3149	40.415	95.0	201.0	196.0	193.0	147.0	6.4e-46	b3149	CJJ81176_RS06850
CJJ81176_RS06855	b0757	25.904	47.0	339.0	382.0	166.0	41.2	5.8e-05	b0757	CJJ81176_RS06855
CJJ81176_RS06865	b2053	28.889	95.0	344.0	373.0	360.0	128.0	4.8100000000000005e-35	b2053	CJJ81176_RS06865
CJJ81176_RS06870	b2052	44.477	98.0	352.0	321.0	344.0	317.0	1.15e-108	b2052	CJJ81176_RS06870
CJJ81176_RS06885	b2038	33.939	89.0	181.0	185.0	165.0	98.6	3.34e-27	b2038	CJJ81176_RS06885
CJJ81176_RS06890	b0498	26.23	11.0	566.0	122.0	61.0	26.2	3.1	b0498	CJJ81176_RS06890
CJJ81176_RS06905	b3626	28.755	53.0	420.0	338.0	233.0	71.6	9.83e-15	b3626	CJJ81176_RS06905
CJJ81176_RS06910	b3219	42.308	4.0	603.0	238.0	26.0	29.6	0.53	b3219	CJJ81176_RS06910
CJJ81176_RS06915	b1696	32.609	6.0	723.0	303.0	46.0	28.9	1.3	b1696	CJJ81176_RS06915
CJJ81176_RS06920	b3197	46.104	97.0	315.0	328.0	308.0	278.0	1.7699999999999999e-93	b3197	CJJ81176_RS06920
CJJ81176_RS06925	b0983	23.333	35.0	552.0	379.0	210.0	50.1	1.87e-07	b0983	CJJ81176_RS06925
CJJ81176_RS06945	b3154	30.534	93.0	135.0	147.0	131.0	77.4	5.14e-20	b3154	CJJ81176_RS06945
CJJ81176_RS06955	b3558	30.556	16.0	229.0	283.0	36.0	28.9	0.27	b3558	CJJ81176_RS06955
CJJ81176_RS06965	b0188	29.189	55.0	321.0	432.0	185.0	93.2	3.73e-22	b0188	CJJ81176_RS06965
CJJ81176_RS06970	b0835	34.772	92.0	439.0	441.0	417.0	221.0	1.7899999999999999e-68	b0835	CJJ81176_RS06970
CJJ81176_RS06975	b2891	49.398	90.0	365.0	365.0	332.0	330.0	1.44e-112	b2891	CJJ81176_RS06975
CJJ81176_RS06985	b2745	27.92	91.0	372.0	349.0	351.0	120.0	7.23e-32	b2745	CJJ81176_RS06985
CJJ81176_RS06990	b0417	27.306	89.0	273.0	325.0	271.0	77.8	1.82e-17	b0417	CJJ81176_RS06990
CJJ81176_RS07005	b3465	26.519	79.0	227.0	198.0	181.0	60.8	2.09e-12	b3465	CJJ81176_RS07005
CJJ81176_RS07010	b1080	36.639	99.0	348.0	365.0	363.0	210.0	2.69e-66	b1080	CJJ81176_RS07010
CJJ81176_RS07030	b1082	35.556	48.0	608.0	547.0	256.0	70.9	0.054	b1082	CJJ81176_RS07030
CJJ81176_RS07040	b2327	42.324	94.0	254.0	269.0	241.0	174.0	1.7099999999999997e-54	b2327	CJJ81176_RS07040
CJJ81176_RS07045	b3327	20.398	99.0	392.0	398.0	402.0	95.1	1.8000000000000001e-22	b3327	CJJ81176_RS07045
CJJ81176_RS07050	b3326	42.078	72.0	519.0	493.0	385.0	308.0	2.97e-100	b3326	CJJ81176_RS07050
CJJ81176_RS07055	b0544	22.807	74.0	195.0	508.0	171.0	28.9	0.26	b0544	CJJ81176_RS07055
CJJ81176_RS07065	b3391	25.764	49.0	470.0	412.0	229.0	65.9	1.42e-12	b3391	CJJ81176_RS07065
CJJ81176_RS07075	b1378	46.92	99.0	1186.0	1174.0	1185.0	1094.0	0.0	b1378	CJJ81176_RS07075
CJJ81176_RS07080	b3385	28.502	86.0	213.0	252.0	207.0	77.4	2.81e-18	b3385	CJJ81176_RS07080
CJJ81176_RS07085	b3552	36.441	36.0	319.0	219.0	118.0	76.3	2.96e-17	b3552	CJJ81176_RS07085
CJJ81176_RS07090	b3230	49.6	97.0	129.0	130.0	125.0	122.0	4.21e-38	b3230	CJJ81176_RS07090
CJJ81176_RS07095	b3231	52.239	95.0	141.0	142.0	134.0	151.0	6.07e-49	b3231	CJJ81176_RS07095
CJJ81176_RS07105	b1653	37.838	5.0	788.0	1538.0	37.0	31.6	0.25	b1653	CJJ81176_RS07105
CJJ81176_RS07165	b0032	40.053	99.0	372.0	382.0	377.0	292.0	1.92e-97	b0032	CJJ81176_RS07165
CJJ81176_RS07185	b4177	46.714	100.0	416.0	432.0	426.0	378.0	5.13e-130	b4177	CJJ81176_RS07185
CJJ81176_RS07195	b1929	44.221	99.0	402.0	401.0	398.0	330.0	1.03e-111	b1929	CJJ81176_RS07195
CJJ81176_RS07200	b1930	64.286	93.0	75.0	77.0	70.0	103.0	3.17e-32	b1930	CJJ81176_RS07200
CJJ81176_RS07205	b1015	51.745	99.0	489.0	502.0	487.0	488.0	1.0399999999999998e-170	b1015	CJJ81176_RS07205
CJJ81176_RS07210	b1014	27.155	68.0	1162.0	1320.0	847.0	233.0	2.08e-63	b1014	CJJ81176_RS07210
CJJ81176_RS07215	b1764	35.756	99.0	340.0	347.0	344.0	216.0	1.25e-68	b1764	CJJ81176_RS07215
CJJ81176_RS07230	b0761	31.081	30.0	245.0	262.0	74.0	34.3	0.005	b0761	CJJ81176_RS07230
CJJ81176_RS07235	b3895	24.59	91.0	260.0	277.0	244.0	85.1	1.84e-20	b3895	CJJ81176_RS07235
CJJ81176_RS07240	b3892	23.832	67.0	310.0	211.0	214.0	59.3	2.12e-11	b3892	CJJ81176_RS07240
CJJ81176_RS07250	b1474	31.06	72.0	934.0	1015.0	689.0	281.0	0.15	b1474	CJJ81176_RS07250
CJJ81176_RS07275	b0123	26.93	99.0	513.0	516.0	557.0	163.0	2.1799999999999998e-45	b0123	CJJ81176_RS07275
CJJ81176_RS07280	b0784	25.882	100.0	73.0	81.0	85.0	30.0	0.005	b0784	CJJ81176_RS07280
CJJ81176_RS07285	b0785	24.806	82.0	148.0	150.0	129.0	38.1	5.37e-05	b0785	CJJ81176_RS07285
CJJ81176_RS07305	b2499	53.698	93.0	329.0	345.0	311.0	325.0	1.36e-111	b2499	CJJ81176_RS07305
CJJ81176_RS07310	b0103	30.939	90.0	201.0	206.0	181.0	79.3	2.06e-19	b0103	CJJ81176_RS07310
CJJ81176_RS07315	b3809	25.455	98.0	249.0	274.0	275.0	87.4	1.85e-21	b3809	CJJ81176_RS07315
CJJ81176_RS07320	b3570	38.655	49.0	243.0	274.0	119.0	75.9	3.32e-17	b3570	CJJ81176_RS07320
CJJ81176_RS07330	b0812	34.545	37.0	149.0	167.0	55.0	46.6	5.5e-08	b0812	CJJ81176_RS07330
CJJ81176_RS07335	b4025	26.385	85.0	406.0	549.0	379.0	74.3	2.55e-15	b4025	CJJ81176_RS07335
CJJ81176_RS07340	b1236	41.697	96.0	274.0	302.0	271.0	194.0	9.68e-62	b1236	CJJ81176_RS07340
CJJ81176_RS07345	b4069	47.881	96.0	657.0	652.0	637.0	606.0	0.0	b4069	CJJ81176_RS07345
CJJ81176_RS07365	b0713	42.972	98.0	255.0	244.0	249.0	213.0	2.3200000000000002e-70	b0713	CJJ81176_RS07365
CJJ81176_RS07370	b0711	35.545	85.0	246.0	218.0	211.0	130.0	2.62e-38	b0711	CJJ81176_RS07370
CJJ81176_RS07375	b0712	32.372	97.0	321.0	310.0	312.0	172.0	2.4199999999999997e-52	b0712	CJJ81176_RS07375
CJJ81176_RS07385	b3028	57.812	100.0	192.0	193.0	192.0	233.0	5.6600000000000004e-80	b3028	CJJ81176_RS07385
CJJ81176_RS07395	b4149	27.211	97.0	149.0	177.0	147.0	69.3	2.08e-16	b4149	CJJ81176_RS07395
CJJ81176_RS07400	b0325	42.529	95.0	358.0	349.0	348.0	252.0	1.38e-82	b0325	CJJ81176_RS07400
CJJ81176_RS07420	b0375	26.613	22.0	488.0	207.0	124.0	30.8	0.13	b0375	CJJ81176_RS07420
CJJ81176_RS07425	b4349	26.693	47.0	500.0	529.0	251.0	83.2	6.58e-18	b4349	CJJ81176_RS07425
CJJ81176_RS07430	b2284	33.333	21.0	211.0	445.0	45.0	26.6	1.5	b2284	CJJ81176_RS07430
CJJ81176_RS07435	b4212	36.842	86.0	110.0	126.0	95.0	73.6	3.99e-19	b4212	CJJ81176_RS07435
CJJ81176_RS07450	b3501	44.444	42.0	107.0	117.0	45.0	41.2	8.65e-07	b3501	CJJ81176_RS07450
CJJ81176_RS07470	b2276	32.564	82.0	462.0	485.0	390.0	151.0	1.0699999999999999e-41	b2276	CJJ81176_RS07470
CJJ81176_RS07475	b2277	30.709	95.0	495.0	509.0	508.0	217.0	1.7300000000000001e-65	b2277	CJJ81176_RS07475
CJJ81176_RS07480	b2278	36.824	94.0	596.0	613.0	592.0	337.0	3.85e-109	b2278	CJJ81176_RS07480
CJJ81176_RS07485	b2279	31.959	99.0	98.0	100.0	97.0	63.2	1.48e-15	b2279	CJJ81176_RS07485
CJJ81176_RS07490	b2280	27.742	87.0	172.0	184.0	155.0	53.1	4.6e-10	b2280	CJJ81176_RS07490
CJJ81176_RS07495	b2281	36.296	61.0	213.0	180.0	135.0	78.2	4.81e-19	b2281	CJJ81176_RS07495
CJJ81176_RS07500	b2282	36.842	97.0	332.0	325.0	323.0	214.0	1.4899999999999998e-68	b2282	CJJ81176_RS07500
CJJ81176_RS07505	b2283	22.672	29.0	820.0	908.0	247.0	76.6	3.52e-15	b2283	CJJ81176_RS07505
CJJ81176_RS07520	b2286	38.481	96.0	408.0	596.0	395.0	295.0	1.7899999999999998e-95	b2286	CJJ81176_RS07520
CJJ81176_RS07530	b2287	50.968	92.0	167.0	220.0	155.0	177.0	5.22e-58	b2287	CJJ81176_RS07530
CJJ81176_RS07535	b2288	27.907	99.0	129.0	147.0	129.0	61.2	8.01e-14	b2288	CJJ81176_RS07535
CJJ81176_RS07540	b3540	32.536	93.0	221.0	334.0	209.0	139.0	1.08e-40	b3540	CJJ81176_RS07540
CJJ81176_RS07550	b0832	27.49	93.0	264.0	303.0	251.0	91.3	1.9300000000000001e-22	b0832	CJJ81176_RS07550
CJJ81176_RS07555	b3543	25.826	99.0	314.0	339.0	333.0	127.0	5.48e-35	b3543	CJJ81176_RS07555
CJJ81176_RS07560	b0830	26.025	91.0	511.0	512.0	488.0	164.0	1.73e-45	b0830	CJJ81176_RS07560
CJJ81176_RS07565	b0894	49.213	97.0	774.0	814.0	762.0	736.0	0.0	b0894	CJJ81176_RS07565
CJJ81176_RS07570	b0895	52.709	93.0	218.0	205.0	203.0	248.0	6.02e-85	b0895	CJJ81176_RS07570
CJJ81176_RS07575	b1590	29.448	54.0	288.0	284.0	163.0	46.2	9.3e-07	b1590	CJJ81176_RS07575
CJJ81176_RS07580	b1591	24.779	60.0	185.0	204.0	113.0	42.0	5.62e-06	b1591	CJJ81176_RS07580
CJJ81176_RS07585	b2552	37.857	100.0	140.0	396.0	140.0	102.0	1.1500000000000002e-27	b2552	CJJ81176_RS07585
CJJ81176_RS07590	b2211	38.574	99.0	543.0	547.0	547.0	416.0	2.3e-141	b2211	CJJ81176_RS07590
CJJ81176_RS07605	b0884	66.667	100.0	72.0	72.0	72.0	104.0	1.38e-32	b0884	CJJ81176_RS07605
CJJ81176_RS07610	b3299	68.421	100.0	37.0	38.0	38.0	52.4	7.89e-13	b3299	CJJ81176_RS07610
CJJ81176_RS07615	b3298	54.701	97.0	121.0	118.0	117.0	131.0	7.429999999999999e-42	b3298	CJJ81176_RS07615
CJJ81176_RS07620	b3297	51.538	100.0	130.0	129.0	130.0	151.0	2.16e-49	b3297	CJJ81176_RS07620
CJJ81176_RS07625	b3296	51.196	100.0	208.0	206.0	209.0	196.0	1.04e-64	b3296	CJJ81176_RS07625
CJJ81176_RS07630	b3295	33.229	93.0	337.0	329.0	319.0	171.0	9.19e-52	b3295	CJJ81176_RS07630
CJJ81176_RS07635	b3294	49.138	99.0	117.0	127.0	116.0	105.0	1.06e-31	b3294	CJJ81176_RS07635
CJJ81176_RS07640	b2019	66.221	100.0	299.0	299.0	299.0	422.0	3.12e-151	b2019	CJJ81176_RS07640
CJJ81176_RS07645	b2020	60.094	99.0	428.0	434.0	426.0	525.0	0.0	b2020	CJJ81176_RS07645
CJJ81176_RS07650	b2022	56.62	100.0	352.0	355.0	355.0	424.0	2.3799999999999998e-150	b2022	CJJ81176_RS07650
CJJ81176_RS07655	b2023	51.02	98.0	195.0	196.0	196.0	200.0	7.65e-67	b2023	CJJ81176_RS07655
CJJ81176_RS07660	b2024	50.206	99.0	243.0	245.0	243.0	242.0	6.899999999999999e-82	b2024	CJJ81176_RS07660
CJJ81176_RS07670	b2025	66.537	100.0	255.0	258.0	257.0	350.0	5.160000000000001e-124	b2025	CJJ81176_RS07670
CJJ81176_RS07675	b2026	63.902	99.0	207.0	203.0	205.0	269.0	1.55e-93	b2026	CJJ81176_RS07675
CJJ81176_RS07680	b0166	31.373	26.0	386.0	274.0	102.0	46.6	1.19e-06	b0166	CJJ81176_RS07680
CJJ81176_RS07685	b2113	37.353	92.0	368.0	369.0	340.0	242.0	2.21e-78	b2113	CJJ81176_RS07685
CJJ81176_RS07690	b2746	53.103	39.0	371.0	159.0	145.0	143.0	9.200000000000001e-43	b2746	CJJ81176_RS07690
CJJ81176_RS07705	b0418	33.333	81.0	166.0	172.0	135.0	71.6	3.7e-17	b0418	CJJ81176_RS07705
CJJ81176_RS07710	b0023	35.632	100.0	87.0	87.0	87.0	41.2	2.93e-07	b0023	CJJ81176_RS07710
CJJ81176_RS07715	b1211	53.933	99.0	355.0	360.0	356.0	382.0	1.11e-133	b1211	CJJ81176_RS07715
CJJ81176_RS07725	b1451	23.224	98.0	702.0	700.0	732.0	109.0	1.06e-25	b1451	CJJ81176_RS07725
CJJ81176_RS07730	b1711	32.013	91.0	328.0	326.0	303.0	132.0	3.95e-37	b1711	CJJ81176_RS07730
CJJ81176_RS07740	b0158	30.556	78.0	268.0	266.0	216.0	76.6	2.31e-17	b0158	CJJ81176_RS07740
CJJ81176_RS07750	b2587	49.038	98.0	419.0	432.0	416.0	386.0	6.8800000000000006e-133	b2587	CJJ81176_RS07750
CJJ81176_RS07755	b2961	34.076	87.0	339.0	350.0	314.0	180.0	6.0999999999999994e-55	b2961	CJJ81176_RS07755
CJJ81176_RS07760	b2578	30.986	25.0	250.0	195.0	71.0	30.8	0.054	b2578	CJJ81176_RS07760
CJJ81176_RS07785	b0414	28.723	79.0	336.0	367.0	282.0	115.0	2.44e-30	b0414	CJJ81176_RS07785
CJJ81176_RS07795	b4471	47.198	100.0	454.0	454.0	464.0	402.0	2.6299999999999998e-138	b4471	CJJ81176_RS07795
CJJ81176_RS07800	b2796	50.481	99.0	416.0	429.0	416.0	397.0	1.89e-137	b2796	CJJ81176_RS07800
CJJ81176_RS07815	b0737	44.578	56.0	141.0	230.0	83.0	63.5	5.39e-14	b0737	CJJ81176_RS07815
CJJ81176_RS07845	b2329	46.761	97.0	362.0	361.0	355.0	311.0	1.22e-105	b2329	CJJ81176_RS07845
CJJ81176_RS07850	b2567	36.139	90.0	224.0	226.0	202.0	134.0	7.26e-40	b2567	CJJ81176_RS07850
CJJ81176_RS07855	b0214	50.34	97.0	146.0	155.0	147.0	145.0	3.03e-46	b0214	CJJ81176_RS07855
CJJ81176_RS07860	b1280	17.844	80.0	328.0	389.0	269.0	38.9	0.000305	b1280	CJJ81176_RS07860
CJJ81176_RS07865	b3066	33.333	63.0	605.0	581.0	393.0	226.0	4e-67	b3066	CJJ81176_RS07865
CJJ81176_RS07870	b3414	31.944	78.0	90.0	191.0	72.0	33.5	0.000686	b3414	CJJ81176_RS07870
CJJ81176_RS07875	b1382	37.5	21.0	183.0	61.0	40.0	26.9	0.21	b1382	CJJ81176_RS07875
CJJ81176_RS07880	b0085	35.278	80.0	427.0	495.0	360.0	198.0	2.1100000000000003e-59	b0085	CJJ81176_RS07880
CJJ81176_RS07885	b0471	48.485	63.0	103.0	109.0	66.0	55.1	3.04e-12	b0471	CJJ81176_RS07885
CJJ81176_RS07895	b0421	40.408	83.0	281.0	299.0	245.0	136.0	1.96e-39	b0421	CJJ81176_RS07895
CJJ81176_RS07900	b2935	44.697	98.0	632.0	663.0	660.0	521.0	2.19e-179	b2935	CJJ81176_RS07900
CJJ81176_RS07905	b3194	29.719	67.0	369.0	260.0	249.0	101.0	7.490000000000001e-26	b3194	CJJ81176_RS07905
CJJ81176_RS07915	b0146	34.118	28.0	296.0	234.0	85.0	31.6	0.047	b0146	CJJ81176_RS07915
CJJ81176_RS07920	b0434	33.333	18.0	199.0	192.0	36.0	30.8	0.041	b0434	CJJ81176_RS07920
CJJ81176_RS07930	b0168	35.317	99.0	252.0	264.0	252.0	179.0	7.45e-57	b0168	CJJ81176_RS07930
CJJ81176_RS07935	b3967	32.479	91.0	247.0	285.0	234.0	95.5	2.58e-24	b3967	CJJ81176_RS07935
CJJ81176_RS07940	b1708	40.278	90.0	153.0	154.0	144.0	109.0	2.68e-32	b1708	CJJ81176_RS07940
CJJ81176_RS07950	b0019	47.875	92.0	382.0	388.0	353.0	322.0	4.730000000000001e-109	b0019	CJJ81176_RS07950
CJJ81176_RS07990	b1117	44.196	99.0	217.0	233.0	224.0	179.0	9.95e-58	b1117	CJJ81176_RS07990
CJJ81176_RS07995	b0976	23.469	55.0	162.0	132.0	98.0	30.8	0.022	b0976	CJJ81176_RS07995
CJJ81176_RS08040	b4110	25.0	29.0	282.0	292.0	96.0	28.5	0.49	b4110	CJJ81176_RS08040
CJJ81176_RS08055	b2779	54.374	99.0	414.0	432.0	423.0	421.0	1.04e-146	b2779	CJJ81176_RS08055
CJJ81176_RS08060	b2699	62.654	94.0	343.0	353.0	324.0	432.0	2.12e-153	b2699	CJJ81176_RS08060
CJJ81176_RS08065	b3220	23.967	40.0	286.0	375.0	121.0	28.1	0.78	b3220	CJJ81176_RS08065
CJJ81176_RS08070	b1949	43.182	99.0	89.0	89.0	88.0	55.5	1.02e-12	b1949	CJJ81176_RS08070
CJJ81176_RS08075	b3972	25.483	77.0	258.0	342.0	259.0	57.0	2.28e-10	b3972	CJJ81176_RS08075
CJJ81176_RS08085	b4214	31.489	91.0	254.0	246.0	235.0	118.0	2.74e-33	b4214	CJJ81176_RS08085
CJJ81176_RS08090	b0720	50.495	95.0	422.0	427.0	404.0	432.0	2.57e-151	b0720	CJJ81176_RS08090
CJJ81176_RS08100	b0775	31.884	97.0	278.0	346.0	276.0	139.0	8.19e-40	b0775	CJJ81176_RS08100
CJJ81176_RS08105	b1274	38.933	99.0	700.0	865.0	750.0	497.0	2.3000000000000003e-166	b1274	CJJ81176_RS08105
CJJ81176_RS08115	b2534	26.866	20.0	670.0	284.0	134.0	41.6	0.000113	b2534	CJJ81176_RS08115
CJJ81176_RS08120	b3874	37.179	25.0	315.0	421.0	78.0	52.0	1.71e-08	b3874	CJJ81176_RS08120
CJJ81176_RS08125	b2775	26.389	80.0	90.0	425.0	72.0	42.7	5.38e-07	b2775	CJJ81176_RS08125
CJJ81176_RS08130	b3300	41.568	98.0	421.0	443.0	421.0	305.0	6.17e-101	b3300	CJJ81176_RS08130
CJJ81176_RS08135	b3301	60.0	50.0	130.0	144.0	65.0	76.3	1.03e-19	b3301	CJJ81176_RS08135
CJJ81176_RS08140	b3303	50.37	92.0	147.0	167.0	135.0	142.0	3.11e-45	b3303	CJJ81176_RS08140
CJJ81176_RS08145	b3304	31.183	74.0	118.0	117.0	93.0	40.8	1.6e-06	b3304	CJJ81176_RS08145
CJJ81176_RS08150	b3305	48.588	98.0	178.0	177.0	177.0	165.0	1.74e-53	b3305	CJJ81176_RS08150
CJJ81176_RS08155	b3306	41.085	98.0	131.0	130.0	129.0	101.0	1.0500000000000001e-29	b3306	CJJ81176_RS08155
CJJ81176_RS08160	b3307	51.163	70.0	61.0	101.0	43.0	51.2	2.03e-11	b3307	CJJ81176_RS08160
CJJ81176_RS08165	b3308	47.486	99.0	181.0	179.0	179.0	184.0	9.05e-61	b3308	CJJ81176_RS08165
CJJ81176_RS08170	b3309	47.826	88.0	77.0	104.0	69.0	48.9	3.15e-10	b3309	CJJ81176_RS08170
CJJ81176_RS08175	b3310	68.293	100.0	122.0	123.0	123.0	164.0	1.1999999999999999e-54	b3310	CJJ81176_RS08175
CJJ81176_RS08180	b3311	48.718	94.0	83.0	84.0	78.0	67.0	2.3e-17	b3311	CJJ81176_RS08180
CJJ81176_RS08185	b3312	32.759	95.0	61.0	63.0	58.0	29.3	0.004	b3312	CJJ81176_RS08185
CJJ81176_RS08190	b3313	67.91	95.0	141.0	136.0	134.0	182.0	1.66e-61	b3313	CJJ81176_RS08190
CJJ81176_RS08195	b3314	57.021	99.0	233.0	233.0	235.0	265.0	2.28e-91	b3314	CJJ81176_RS08195
CJJ81176_RS08200	b3315	36.735	64.0	147.0	110.0	98.0	54.3	2.65e-11	b3315	CJJ81176_RS08200
CJJ81176_RS08205	b3316	62.651	89.0	93.0	92.0	83.0	120.0	3.5e-38	b3316	CJJ81176_RS08205
CJJ81176_RS08210	b3317	55.273	99.0	276.0	273.0	275.0	298.0	6.07e-103	b3317	CJJ81176_RS08210
CJJ81176_RS08215	b3318	36.486	80.0	93.0	100.0	74.0	55.5	1.38e-12	b3318	CJJ81176_RS08215
CJJ81176_RS08220	b3319	34.659	86.0	204.0	201.0	176.0	107.0	2.3199999999999997e-30	b3319	CJJ81176_RS08220
CJJ81176_RS08225	b3320	36.41	93.0	191.0	209.0	195.0	90.5	1e-23	b3320	CJJ81176_RS08225
CJJ81176_RS08230	b3321	58.763	94.0	103.0	103.0	97.0	127.0	1.54e-40	b3321	CJJ81176_RS08230
CJJ81176_RS08235	b1269	30.544	90.0	253.0	291.0	239.0	110.0	6.1e-30	b1269	CJJ81176_RS08235
CJJ81176_RS08240	b0913	30.645	9.0	664.0	754.0	62.0	35.4	0.012	b0913	CJJ81176_RS08240
CJJ81176_RS08245	b0051	28.679	95.0	266.0	273.0	265.0	104.0	1.27e-27	b0051	CJJ81176_RS08245
CJJ81176_RS08255	b2517	39.776	97.0	356.0	384.0	357.0	246.0	1.02e-79	b2517	CJJ81176_RS08255
CJJ81176_RS08290	b0726	28.302	20.0	176.0	933.0	53.0	27.7	0.54	b0726	CJJ81176_RS08290
CJJ81176_RS08295	b0071	48.99	99.0	200.0	201.0	198.0	202.0	3.05e-67	b0071	CJJ81176_RS08295
CJJ81176_RS08300	b0072	60.475	99.0	470.0	466.0	463.0	590.0	0.0	b0072	CJJ81176_RS08300
CJJ81176_RS08305	b0073	59.28	99.0	358.0	363.0	361.0	431.0	1.32e-152	b0073	CJJ81176_RS08305
CJJ81176_RS08310	b0074	59.604	98.0	511.0	523.0	505.0	621.0	0.0	b0074	CJJ81176_RS08310
CJJ81176_RS08315	b2824	34.375	15.0	209.0	135.0	32.0	25.8	1.4	b2824	CJJ81176_RS08315
CJJ81176_RS08325	b2794	21.622	58.0	127.0	282.0	74.0	32.3	0.006	b2794	CJJ81176_RS08325
CJJ81176_RS08335	b4013	42.02	100.0	293.0	309.0	307.0	239.0	7.61e-79	b4013	CJJ81176_RS08335
CJJ81176_RS08340	b3939	29.647	100.0	423.0	386.0	425.0	194.0	9.25e-59	b3939	CJJ81176_RS08340
CJJ81176_RS08350	b1076	34.184	52.0	838.0	402.0	240.0	117.0	1.28e-18	b1076	CJJ81176_RS08350
CJJ81176_RS08355	b1863	34.848	83.0	160.0	173.0	132.0	71.2	5.1e-17	b1863	CJJ81176_RS08355
CJJ81176_RS08370	b0950	38.636	10.0	378.0	417.0	44.0	29.6	0.33	b0950	CJJ81176_RS08370
CJJ81176_RS08390	b2408	28.049	46.0	170.0	254.0	82.0	30.4	0.042	b2408	CJJ81176_RS08390
CJJ81176_RS08415	b0059	26.471	5.0	1932.0	968.0	102.0	33.9	0.13	b0059	CJJ81176_RS08415
CJJ81176_RS08430	b2617	22.222	25.0	183.0	113.0	45.0	23.9	4.6	b2617	CJJ81176_RS08430
CJJ81176_RS08440	b1388	38.889	17.0	203.0	309.0	36.0	27.3	0.65	b1388	CJJ81176_RS08440
CJJ81176_RS08445	b1640	26.316	30.0	217.0	369.0	76.0	28.9	0.3	b1640	CJJ81176_RS08445
CJJ81176_RS08485	b1158	43.046	74.0	204.0	184.0	151.0	95.9	6.07e-26	b1158	CJJ81176_RS08485
CJJ81176_RS08505	b0435	27.027	8.0	922.0	105.0	74.0	27.7	1.2	b0435	CJJ81176_RS08505
CJJ81176_RS08555	b2875	24.242	17.0	391.0	541.0	66.0	28.9	0.61	b2875	CJJ81176_RS08555
CJJ81176_RS08565	b1412	36.364	7.0	603.0	201.0	44.0	27.3	2.7	b1412	CJJ81176_RS08565
CJJ81176_RS08570	b0121	35.135	25.0	145.0	288.0	37.0	27.3	0.38	b0121	CJJ81176_RS08570
CJJ81176_RS08590	b1763	35.761	82.0	730.0	653.0	618.0	390.0	2.89e-127	b1763	CJJ81176_RS08590
CJJ81176_RS08600	b1586	34.783	39.0	59.0	101.0	23.0	23.9	0.66	b1586	CJJ81176_RS08600
CJJ81176_RS08625	b3132	32.258	17.0	356.0	426.0	62.0	32.0	0.058	b3132	CJJ81176_RS08625
CJJ81176_RS08645	b1038	27.692	44.0	135.0	138.0	65.0	24.6	2.3	b1038	CJJ81176_RS08645
CJJ81176_RS08655	b3803	37.975	26.0	293.0	393.0	79.0	33.1	0.019	b3803	CJJ81176_RS08655
CJJ81176_RS08705	b1488	27.907	24.0	181.0	193.0	43.0	27.7	0.4	b1488	CJJ81176_RS08705
CJJ81176_RS08720	b3429	32.432	64.0	107.0	477.0	74.0	27.7	0.15	b3429	CJJ81176_RS08720
CJJ81176_RS08740	b2374	36.538	19.0	278.0	416.0	52.0	30.0	0.16	b2374	CJJ81176_RS08740
CJJ81176_RS08760	b0838	31.915	19.0	239.0	208.0	47.0	27.3	0.82	b0838	CJJ81176_RS08760
CJJ81176_RS08835	b1703	27.273	25.0	130.0	277.0	33.0	27.3	0.35	b1703	CJJ81176_RS08835
CJJ81176_RS09015	b3151	18.972	78.0	315.0	346.0	253.0	40.4	8.07e-05	b3151	CJJ81176_RS09015
CJJ81176_RS09080	b3259	33.566	49.0	281.0	293.0	143.0	78.6	6.85e-18	b3259	CJJ81176_RS09080
CJJ81176_RS09100	b2181	44.444	59.0	46.0	114.0	27.0	24.3	0.32	b2181	CJJ81176_RS09100
CJJ81176_RS09115	b2256	40.0	63.0	56.0	296.0	35.0	31.2	0.002	b2256	CJJ81176_RS09115
CJJ81176_RS09170	b1791	35.294	22.0	385.0	393.0	85.0	54.7	3.47e-09	b1791	CJJ81176_RS09170
CJJ81176_RS09180	b2015	29.167	8.0	318.0	309.0	24.0	25.8	4.2	b2015	CJJ81176_RS09180
CJJ81176_RS09185	b1287	46.429	49.0	57.0	375.0	28.0	27.3	0.042	b1287	CJJ81176_RS09185
